detection_count,mean_frp,max_frp,mean_brightness,max_brightness,unique_detection_days,observation_window_days,spatial_spread_km,temporal_recurrence,duration_score,detection_frequency,spatial_consistency,persistence_score,land_cover_code,is_cropland,is_tree_cover,is_built_up,cropland_percentage,tree_cover_percentage,built_up_percentage,grassland_percentage,shrubland_percentage,bare_sparse_percentage,nearest_industrial_distance_km,nearby_industrial_facility_count,nearby_industrial_capacity_mw,cluster_id,centroid_lat,centroid_lon,fire_class
36,5.580000000000002,13.53,330.2655555555555,367.0,2,2,1.768213380401214,1.0,0.0666666666666666,18.0,0.3612438286296643,87.22487657259329,50.0,0,0,1,0.0,0.0,70.0,10.0,5.0,15.0,0.0,1,100.0,22.0,52.86513,49.91567805555556,INDUSTRIAL
3,2.013333333333333,2.07,329.24666666666667,337.22,1,1,1.1506694060463476,1.0,0.2,3.0,0.4649715094233547,52.62428773558386,10.0,0,1,0,0.2722704883542486,94.0768792851662,0.0915818915373381,5.546892403653375,0.0123759312888294,0.0,81.90202012934168,0,0.0,125.0,30.02471,78.46425666666666,WILDFIRE
2,1.04,1.04,310.21000000000004,310.3,1,1,0.3648342085742452,1.0,0.2,2.0,0.7326897243033172,57.317243107582925,40.0,1,0,0,94.61151951684364,5.170664092472959,0.0346526076087225,0.1311848716615925,0.0519789114130838,0.0,121.80390618196076,0,0.0,297.0,23.18203,76.710655,AGRICULTURAL
6,2.7216666666666662,4.86,318.37833333333333,350.58,1,1,1.3263138306342437,1.0,0.2,6.0,0.4298646153547396,57.746615383868495,10.0,0,1,0,1.8341130170045297,71.33239276255539,0.2524689982921215,26.581025222147968,0.0,0.0,83.51051049278186,0,0.0,133.0,29.926279999999995,78.973595,WILDFIRE
4,6.125000000000001,7.57,334.085,342.01,1,1,0.7075632462030911,1.0,0.2,4.0,0.5856298454675591,57.64074613668898,40.0,1,0,0,90.87151308135935,6.863691492784832,1.1460112373456102,1.1163090022524196,0.0024751862577658,0.0,70.7071900197834,0,0.0,478.0,23.3984325,79.98707999999999,AGRICULTURAL
5,2.116,6.74,310.936,340.98,2,2,1.413518987314433,1.0,0.4,2.5,0.4143327669084213,55.35831917271054,10.0,0,1,0,0.8712655627335957,86.53498675775352,0.1064330090839335,12.48731467042895,0.0,0.0,85.26231312941881,0,0.0,108.0,29.952022,78.959668,WILDFIRE
2,4.595,5.25,332.845,333.64,1,1,0.3842720682353772,1.0,0.2,2.0,0.7224013421543395,57.06003355385849,10.0,0,1,0,4.428108215143189,50.09776985718175,0.118808940372763,45.35531298730229,0.0,0.0,61.26351662715892,0,0.0,86.0,29.56645,79.77673,WILDFIRE
6,3.696666666666667,6.21,322.7516666666666,341.46,2,2,1.6331086196739524,1.0,0.4,3.0,0.3797792436393399,55.49448109098351,10.0,0,1,0,74.67884458305487,15.3288284943442,6.546867651790797,2.264795425855796,0.5470161629662632,0.6336476819880696,33.864641378380924,0,0.0,253.0,30.352251666666664,76.31813666666667,AGRICULTURAL
3,0.8566666666666666,1.17,305.1366666666667,306.31,1,1,0.8258059101703477,1.0,0.2,3.0,0.5477033426333361,54.6925835658334,10.0,0,1,0,7.940397514912997,82.92121482141532,0.4356327813667978,8.366129551248731,0.0,0.336625331056162,97.76598126904932,0,0.0,77.0,29.865663333333337,79.93222999999999,WILDFIRE
2,2.305,3.45,327.15,345.2,1,1,0.5294232759378542,1.0,0.2,2.0,0.653841232661241,55.34603081653102,10.0,0,1,0,0.0742555877329769,97.08423058835176,0.383653869953714,2.264795425855796,0.1930645281057399,0.0,27.986777246810604,0,0.0,53.0,29.31185,79.55986,WILDFIRE
19,3.527368421052632,7.13,317.3231578947368,343.46,5,5,2.692023294813372,1.0,1.0,3.8,0.2708541956939492,69.37135489234873,60.0,0,0,0,0.7970099750006189,19.88564639489121,27.717135714462515,18.192618994579345,0.0,28.175045172149204,16.20686707879648,0,0.0,2.0,23.7422,86.4258805263158,INDUSTRIAL
502,2.1640239043824705,13.81,310.5159362549801,345.55,74,89,0.6376782928519258,0.8314606741573034,1.0,5.640449438202247,0.6106205378460232,79.36864173856003,60.0,0,0,0,0.0024751862577658,3.4949629959654462,89.29729462142026,0.0321774213509566,0.0,7.096359001014826,0.4911658250697929,3,667.5,0.0,22.79118565737052,86.20249802788844,INDUSTRIAL
5,2.124,7.64,313.08000000000004,353.11,3,4,1.528811993105066,0.75,0.8,1.25,0.3954426041661265,54.88606510415317,10.0,0,1,0,16.110987351798222,81.90886364198906,0.1930645281057399,1.6707507239919803,0.0445533526397861,0.071780401475211,55.289275915626334,0,0.0,64.0,29.667472,78.88671400000001,WILDFIRE
3,2.713333333333334,4.26,334.75666666666666,340.69,2,38,0.4283714844834767,0.0526315789473684,0.4,0.0789473684210526,0.7000979863173458,41.58286682111488,40.0,1,0,0,67.03051904655825,4.47018638152521,0.0668300289596792,27.70475978317368,0.0272270488354248,0.670775475854558,2.8280379107113807,4,470.0,6.0,22.47344333333333,82.58508333333333,INDUSTRIAL
6,0.7283333333333334,1.27,299.64166666666665,303.35,3,3,0.2422216103148825,1.0,0.1,2.0,0.8050093410840893,68.10018682168179,50.0,0,0,1,0.0,0.0,70.0,10.0,5.0,15.0,0.0,1,100.0,11.0,52.77352166666666,50.36340333333334,INDUSTRIAL
3,0.79,0.82,301.5566666666667,304.48,2,2,0.1772138068852438,1.0,0.0666666666666666,1.5,0.8494633635379042,67.23926727075809,50.0,0,0,1,0.0,0.0,70.0,10.0,5.0,15.0,0.0,1,100.0,26.0,52.92298,51.41904333333334,INDUSTRIAL
6,0.9433333333333334,1.36,308.795,332.96,3,3,0.2195654831629031,1.0,0.1,2.0,0.8199641706868684,68.39928341373736,50.0,0,0,1,0.0,0.0,70.0,10.0,5.0,15.0,0.0,1,100.0,28.0,51.84566333333333,49.903,INDUSTRIAL
38,2.5407894736842107,15.07,316.3010526315789,351.35,4,5,6.185622101579408,0.8,1.0,7.6,0.1391667952841826,67.67916988210457,10.0,0,1,0,0.0594044701863815,90.4556817900547,0.0767307739907428,9.408182965768171,0.0,0.0,69.30745615525491,0,0.0,5.0,29.77180394736842,79.07486421052631,WILDFIRE
2,3.91,4.78,337.13,339.41,1,1,0.4216882389143935,1.0,0.2,2.0,0.7033890923678201,56.5847273091955,40.0,1,0,0,98.83418727259226,0.9479963367243384,0.0049503725155317,0.2128660181678671,0.0,0.0,51.84562117412894,0,0.0,137.0,25.97755,78.70679,AGRICULTURAL
56,2.91875,8.15,322.1517857142857,344.96,4,5,6.664799247314248,0.8,1.0,11.2,0.1304665611888531,72.26166402972133,10.0,0,1,0,0.0297022350931907,98.77478280240588,0.0,0.7178040147521101,0.0,0.477710947748818,60.22965440861375,0,0.0,3.0,29.000146607142856,80.44371125,WILDFIRE
2,3.22,4.3,334.81,336.95,2,2,0.7029775607516703,1.0,0.4,1.0,0.5872067976976832,56.680169942442085,10.0,0,1,0,2.668250785871637,63.98356476324844,0.0,27.20724734536273,6.14093710551719,0.0,94.88416198613304,0,0.0,415.0,25.04556,80.730905,AGRICULTURAL
4,1.1125,1.85,303.06,307.88,4,4,0.2340980467544845,1.0,0.1333333333333333,1.0,0.8103083888916836,64.70616777783367,50.0,0,0,1,0.0,0.0,70.0,10.0,5.0,15.0,0.0,1,100.0,14.0,52.2214575,51.83825,INDUSTRIAL
7,13.861428571428572,30.25,344.2314285714286,354.03,1,1,1.7368131618218976,1.0,0.2,7.0,0.3653884795461519,58.1347119886538,10.0,0,1,0,0.6534491720501968,88.42107868617114,0.0891067052795722,10.628449790846762,0.0,0.2079156456523353,96.39102576103356,0,0.0,30.0,29.860284285714283,79.91081142857145,WILDFIRE
2,3.785,4.89,335.52,336.4,1,1,0.3207287020634272,1.0,0.2,2.0,0.757157770886375,57.92894427215938,10.0,0,1,0,0.071780401475211,99.7821836093166,0.0,0.1460359892081879,0.0,0.0,53.41497285140515,0,0.0,31.0,29.266575,80.0196,WILDFIRE
2,3.6,3.6,339.975,340.42,1,1,0.488919105264109,1.0,0.2,2.0,0.6716281606330902,55.79070401582725,20.0,0,0,0,1.947971584861761,19.855944159798025,0.0,70.34974381822232,7.796836711962575,0.0074255587732976,96.34411802199884,0,0.0,943.0,23.59094,79.762765,AGRICULTURAL
4,5.297499999999999,9.52,346.13,367.0,2,2,1.413359472906525,1.0,0.4,2.0,0.4143601528186978,54.35900382046746,20.0,0,0,0,15.133288779980694,13.875894161035616,0.0,33.2046236479295,37.766391920992056,0.0198014900621271,80.99958833142433,0,0.0,414.0,24.6468525,79.4319375,AGRICULTURAL
2,3.015,5.27,318.865,333.3,1,1,0.4878216687767832,1.0,0.2,2.0,0.6721235622426126,55.80308905606531,30.0,0,0,0,13.180366822603402,62.8177520358407,0.9281948466622114,22.704883542486577,0.0,0.3688027524071186,77.90095287942101,0,0.0,35.0,29.42828,80.20637500000001,WILDFIRE
2,0.98,0.98,307.315,311.71,1,1,0.3796466326933747,1.0,0.2,2.0,0.7248232817759859,57.12058204439965,10.0,0,1,0,0.720279201009876,57.71639315858519,1.2549194326873097,40.26137966882008,0.0,0.047028538897552,72.19902717982744,0,0.0,132.0,29.909,78.73924,WILDFIRE
3,1.0566666666666666,1.44,310.62666666666667,316.25,1,1,0.8563482445757894,1.0,0.2,3.0,0.5386920277065357,54.467300692663386,10.0,0,1,0,3.032103165763224,93.43333085814707,0.8613648177025321,2.457859953961536,0.1386104304348902,0.0767307739907428,59.38347859598033,0,0.0,129.0,29.815313333333336,78.62299666666667,WILDFIRE
2,2.8200000000000003,3.42,334.20000000000005,337.67,1,1,0.4630040649921633,1.0,0.2,2.0,0.6835251001201809,56.08812750300453,40.0,1,0,0,98.98022326180045,0.5148387416153066,0.4381079676245637,0.0668300289596792,0.0,0.0,61.65077443553257,0,0.0,311.0,31.79236,74.706065,AGRICULTURAL
2,6.515000000000001,7.13,352.06,352.35,1,1,0.3064121226798174,1.0,0.2,2.0,0.7654552362456035,58.13638090614008,40.0,1,0,0,98.06687953268484,0.383653869953714,0.0891067052795722,1.1831390312120988,0.2772208608697804,0.0,21.169114129177167,0,0.0,42.0,30.45633,75.18365,AGRICULTURAL
2,0.8,0.8,306.145,309.75,1,1,0.5653699606710944,1.0,0.2,2.0,0.638826619345172,54.9706654836293,40.0,1,0,0,93.7947080517809,4.480087126556273,0.7351303185564714,0.9232444741466797,0.0,0.0668300289596792,93.40485266029349,0,0.0,233.0,22.506745,77.32561,AGRICULTURAL
11,2.540909090909091,4.35,328.5054545454545,344.9,4,5,0.9601787620688262,0.8,1.0,2.2,0.5101575526430929,66.15393881607733,60.0,0,0,0,0.792059602485087,0.0321774213509566,1.2573946189450755,2.244993935793669,0.0,95.1585356798099,3.916603774869111,2,8360.0,0.0,24.13936181818182,82.70387272727272,INDUSTRIAL
2,0.625,0.79,300.85,300.91,1,1,0.3869631820662387,1.0,0.2,2.0,0.7209996724716532,57.02499181179133,10.0,0,1,0,7.529516596123859,78.25053835301107,0.3762283111804163,13.415509517091165,0.0,0.3886042424692458,89.69742683190786,0,0.0,84.0,29.89631,79.338835,WILDFIRE
16,2.039375,7.9,308.118125,342.97,3,3,2.325275670049625,1.0,0.6,5.333333333333333,0.3007269469436428,63.18484034025773,10.0,0,1,0,0.1831637830746763,99.09160664339991,0.0,0.7252295735254077,0.0,0.0,86.92326412938914,0,0.0,46.0,29.270084375,80.44756062500001,WILDFIRE
2,2.55,2.8,333.895,335.6,1,1,0.8001448947388204,1.0,0.2,2.0,0.5555108385567419,52.88777096391855,40.0,1,0,0,97.26739437142643,0.5395906041929655,0.9281948466622114,1.1212593747679511,0.0544540976708497,0.0891067052795722,41.54626255834484,0,0.0,398.0,30.31664,75.59490500000001,AGRICULTURAL
2,2.505,4.49,316.99,331.37,1,1,0.2925881528740046,1.0,0.2,2.0,0.7736416257386781,58.34104064346696,10.0,0,1,0,5.390955669414123,68.26563698918343,1.5890695774857058,24.496918393109084,0.0,0.2574193708076533,85.54408053717532,0,0.0,11.0,29.566805,80.187835,WILDFIRE
4,4.6225,5.79,344.4525,349.73,2,4,1.379409184030064,0.5,0.8,1.0,0.4202723964888945,47.506809912222366,10.0,0,1,0,0.0,99.55941684611768,0.0,0.2648449295809509,0.1757382243013787,0.0,70.05438315002615,0,0.0,352.0,21.971235,80.28059000000002,AGRICULTURAL
2,8.665,10.56,343.075,348.0,1,1,0.2379352455781661,1.0,0.2,2.0,0.8077966949983393,59.19491737495848,40.0,1,0,0,89.8170837355511,1.915794163510804,4.81423727135467,2.4826118165391944,0.0,0.1212841266305289,111.59785784461845,0,0.0,1146.0,23.042495,75.604795,AGRICULTURAL
9,5.372222222222222,7.69,347.2077777777778,367.0,2,4,2.435403367908896,0.5,0.8,2.25,0.2910866331858702,46.77716582964675,20.0,0,0,0,2.801910843790995,28.326031533872925,0.1138585678572312,55.54317962426673,13.177891636345636,0.0371277938664884,93.1034877075965,0,0.0,411.0,24.358708888888888,79.43223222222224,AGRICULTURAL
2,1.345,2.26,317.96,332.65,2,3,1.0330808213266216,0.6666666666666666,0.6,0.6666666666666666,0.4918643614706286,48.629942370099045,10.0,0,1,0,0.9083933566000842,97.00502462810329,0.0,1.5197643622682606,0.5569169079973268,0.0099007450310635,71.95836376567615,0,0.0,519.0,21.40708,80.66239,AGRICULTURAL
2,0.585,0.86,302.95,308.25,1,1,0.3704213694066794,1.0,0.2,2.0,0.7297025734741335,57.24256433685334,10.0,0,1,0,1.487586940917304,76.75800103957823,2.3489517586198363,19.296552065542933,0.0049503725155317,0.1039578228261676,58.37844933090557,0,0.0,48.0,29.6528,79.16456500000001,WILDFIRE
4,8.7475,15.05,336.415,346.03,1,1,0.6909341909878792,1.0,0.2,4.0,0.5913890708045705,57.78472677011426,40.0,1,0,0,79.82970718546571,4.465236009009678,11.888319596049604,2.1039083191010124,1.49006212717507,0.2128660181678671,9.968296094974765,1,165.0,222.0,30.0140625,74.9600525,AGRICULTURAL
8,3.50125,5.97,328.11125,341.45,2,2,1.1266802772212476,1.0,0.4,4.0,0.470216426376331,59.75541065940829,10.0,0,1,0,0.2178163906833989,60.28811168040396,0.0693052152174451,39.38268854731318,0.0,0.0371277938664884,111.24778438898868,0,0.0,90.0,29.94830125,80.05579875,WILDFIRE
2,7.355,8.2,353.94,354.14,1,1,0.3395486606888703,1.0,0.2,2.0,0.7465200999012193,57.66300249753048,10.0,0,1,0,17.207494863988515,36.573352144748895,0.0,25.392935818420337,20.826217172842256,0.0,46.34742042784722,0,0.0,29.0,22.510935,76.60142,AGRICULTURAL
3,2.18,3.34,317.2933333333333,322.37,2,2,0.5347935827465099,1.0,0.4,1.5,0.6515534148966808,59.28883537241703,10.0,0,1,0,1.6781762827652782,81.06977550060643,1.913318977253038,14.77933714512017,0.0,0.5593920942550926,80.69103754537808,0,0.0,192.0,29.52273666666667,80.16486333333332,WILDFIRE
8,0.81,1.58,304.91375000000005,315.36,7,61,0.2273042927839968,0.1147540983606557,1.0,0.1311475409836065,0.8147938582791204,66.03437728198449,40.0,0,0,0,0.0,0.0,0.0,0.0,0.0,0.0,1.9307729556208104,2,900.0,1.0,22.09000875,88.11081125000001,INDUSTRIAL
17,3.751176470588235,6.06,323.8105882352941,367.0,4,4,0.7097487967918821,1.0,0.1333333333333333,4.25,0.5848812421312231,71.57262484262446,50.0,0,0,1,0.0,0.0,70.0,10.0,5.0,15.0,0.0,1,100.0,,,,INDUSTRIAL
5,15.746,29.57,353.48400000000004,367.0,1,1,0.9942537904042832,1.0,0.2,5.0,0.5014406916570413,57.53601729142604,40.0,1,0,0,88.70077473329869,5.883517734709537,0.8514640726714685,4.5642434593203145,0.0,0.0,59.65463742749961,0,0.0,433.0,22.225942,79.266068,AGRICULTURAL
2,0.8400000000000001,1.05,308.625,309.09,1,1,0.540534593192546,1.0,0.2,2.0,0.6491253130042588,55.22813282510647,30.0,0,0,0,13.623425162743496,54.94913492240291,0.0,27.99188138907453,3.435558525779065,0.0,57.36919153254254,0,0.0,978.0,22.00545,77.07912999999999,AGRICULTURAL
6,4.633333333333334,8.42,342.71333333333337,367.0,2,2,1.6082687109681828,1.0,0.4,3.0,0.3833960802408286,55.58490200602072,40.0,1,0,0,86.88151283384074,10.190341823222198,2.7276552560580183,0.1311848716615925,0.0173263038043612,0.0049503725155317,18.30008057571185,0,0.0,76.0,29.12947833333333,79.16022833333334,WILDFIRE
3,8.936666666666667,10.21,350.0033333333334,351.1,1,1,0.5439959952699438,1.0,0.2,3.0,0.6476700736682711,57.191751841706775,30.0,0,0,0,1.9281700947996336,0.0544540976708497,0.0,95.34169946288458,2.6756763446449345,0.0,99.00315380697764,0,0.0,1175.0,23.617056666666667,79.38530333333334,AGRICULTURAL
2,5.54,5.54,345.385,346.03,1,1,0.383600891213489,1.0,0.2,2.0,0.7227517749883412,57.06879437470853,10.0,0,1,0,40.07574069948764,37.99410905670651,0.0,15.56397118883196,6.366179054973886,0.0,86.01489173787786,0,0.0,941.0,23.543685,78.138565,AGRICULTURAL
3,1.0833333333333333,1.24,309.1333333333333,317.89,2,5,1.0657877862545386,0.4,1.0,0.6,0.4840768285367254,50.30192071341813,40.0,1,0,0,96.99759906932997,1.1880894037276304,0.477710947748818,1.3366005791935844,0.0,0.0,69.83823832938619,0,0.0,188.0,23.72825333333333,78.37240000000001,AGRICULTURAL
3,4.48,6.1,338.26666666666665,348.17,2,2,1.0701657850422936,1.0,0.4,1.5,0.4830531000103308,55.07632750025827,10.0,0,1,0,0.0693052152174451,94.05955298136185,0.0,4.428108215143189,1.4281824707309223,0.0148511175465953,57.47498181910774,0,0.0,819.0,21.69955333333333,80.42948666666668,AGRICULTURAL
19,2.201052631578948,3.72,310.3768421052632,317.62,5,5,1.929041594164458,1.0,1.0,3.8,0.3414086034122234,71.13521508530559,40.0,1,0,0,5.066706269646791,15.710007178040147,26.400336625331057,33.08581470755674,0.0,17.83371698720329,22.108688663026133,0,0.0,3.0,23.778505789473684,86.36813157894738,INDUSTRIAL
20,4.227500000000001,9.76,326.603,344.14,4,4,0.4532658918821614,1.0,0.1333333333333333,5.0,0.6881053257947688,76.26210651589538,50.0,0,0,1,0.0,0.0,70.0,10.0,5.0,15.0,0.0,1,100.0,3.0,53.18868,50.999434,INDUSTRIAL
2,2.25,2.3,333.055,333.94,1,1,0.248411270283477,1.0,0.2,2.0,0.8010180809829839,59.0254520245746,10.0,0,1,0,0.0,98.93814509541843,0.0,0.7574069948763644,0.3044479097052053,0.0,51.65811543085847,0,0.0,366.0,22.27184,79.944205,AGRICULTURAL
3,4.373333333333334,5.66,333.68333333333334,343.62,2,2,0.837917315784368,1.0,0.4,1.5,0.5440941175165054,56.60235293791264,10.0,0,1,0,0.0024751862577658,96.03227642880128,0.0,1.9083686047375064,0.0618796564441474,1.9900497512437807,32.14959864863362,0,0.0,19.0,29.33741333333333,79.41951333333333,WILDFIRE
20,11.862000000000002,36.75,330.1455,352.96,4,5,3.4682936098411066,0.8,1.0,4.0,0.2237990802120902,62.59497700530227,30.0,0,0,0,1.0346278557461448,90.62894482809833,0.1336600579193584,8.18544095443182,0.0074255587732976,0.0099007450310635,33.34074290978848,0,0.0,17.0,29.3155705,79.70564100000001,WILDFIRE
3,2.5766666666666667,3.55,333.3866666666667,335.49,1,1,0.2521717161871832,1.0,0.2,3.0,0.7986125122239329,67.94450048895732,10.0,0,1,0,15.992178411425458,30.02895967921586,18.209945298383705,34.16499591594268,0.3267245860250984,1.128684933541249,0.9650424608629184,4,7770.0,10.0,22.38455,82.74559,INDUSTRIAL
7,0.7271428571428571,2.57,302.90142857142854,338.33,6,65,0.3377522692096781,0.0923076923076923,1.0,0.1076923076923077,0.7475225593082219,62.670133141559646,30.0,0,0,0,47.27110715081309,26.343407341402443,8.700279696047128,16.363456350090345,0.0,0.816811465062746,7.76906855634315,2,630.0,1.0,22.77756,86.12505714285714,INDUSTRIAL
2,4.385,5.17,333.02,335.89,1,1,0.2206255875377945,1.0,0.2,2.0,0.8192520378154343,68.77008151261737,60.0,0,0,0,33.47194376376822,21.677681245513725,0.7549318086185985,26.17014430335883,0.6806762208856216,12.8684933541249,7.485019068537938,2,2510.0,7.0,22.323855,82.776745,INDUSTRIAL
2,1.645,3.01,315.59000000000003,330.58,1,1,0.1766772678788965,1.0,0.0333333333333333,2.0,0.8498507001861447,68.9970140037229,50.0,0,0,1,0.0,0.0,70.0,10.0,5.0,15.0,0.0,1,100.0,24.0,52.73802,50.18669,INDUSTRIAL
3,4.8500000000000005,6.7,339.8366666666667,344.6,2,3,0.8970987200064463,0.6666666666666666,0.6,1.0,0.527120697227924,50.1780174306981,40.0,1,0,0,93.74025395411005,2.0519294076879286,2.113809064132076,1.0197767381995495,0.955421895497636,0.118808940372763,56.28329434311057,0,0.0,332.0,30.101910000000004,75.78643333333333,AGRICULTURAL
10,27.049,93.85,332.938,349.67,2,2,1.2359980972543854,1.0,0.0666666666666666,5.0,0.4472275719858235,71.44455143971646,50.0,0,0,1,0.0,0.0,70.0,10.0,5.0,15.0,0.0,1,100.0,10.0,52.85542499999999,49.950365,INDUSTRIAL
3,2.95,3.74,326.29,339.15,2,2,0.313821655557787,1.0,0.4,1.5,0.7611383141461822,62.02845785365456,60.0,0,0,0,11.497240167322593,43.60040593054627,28.65770649241356,7.264671666542907,0.0099007450310635,7.727531496745129,1.392589305799573,1,560.0,1.0,21.194496666666662,81.41637333333334,INDUSTRIAL
5,0.8039999999999999,0.98,302.81000000000006,310.08,4,4,0.2554558773527608,1.0,0.1333333333333333,1.25,0.7965234127610984,65.30546825522197,50.0,0,0,1,0.0,0.0,70.0,10.0,5.0,15.0,0.0,1,100.0,19.0,52.012954,51.689278,INDUSTRIAL
7,4.374285714285714,9.82,321.2214285714286,346.43,2,2,0.3781525329896496,1.0,0.0666666666666666,3.5,0.7256090861224795,71.7621817224496,50.0,0,0,1,0.0,0.0,70.0,10.0,5.0,15.0,0.0,1,100.0,25.0,54.59529571428572,51.41551,INDUSTRIAL
4,4.925,6.84,347.6825,352.87,1,1,1.1268609766253617,1.0,0.2,4.0,0.470176476502322,54.754411912558055,30.0,0,0,0,64.9513625900349,0.0346526076087225,0.0123759312888294,34.73428875522883,0.0,0.2673201158387168,46.17126552331492,0,0.0,134.0,25.271975,81.20718,AGRICULTURAL
3,3.293333333333333,3.31,336.3533333333333,339.91,2,3,1.3592125890769302,0.6666666666666666,0.6,1.0,0.4238702373113657,47.59675593278414,40.0,1,0,0,86.05727581000471,1.5469914111036855,5.650850226479543,4.950372515531794,1.7227296354050643,0.071780401475211,35.785542377175844,0,0.0,173.0,31.17314,74.86217,AGRICULTURAL
2,3.62,3.62,335.635,338.78,1,1,0.4553242426111768,1.0,0.2,2.0,0.687132097934256,56.1783024483564,30.0,0,0,0,30.34083314769436,1.1583871686344398,0.071780401475211,66.09984901363828,2.329150268557709,0.0,19.48149949723817,0,0.0,1202.0,24.789905,77.086355,AGRICULTURAL
19,3.123684210526316,6.62,316.1668421052632,342.85,5,5,1.33017519341922,1.0,1.0,3.8,0.429152281263725,73.32880703159313,60.0,0,0,0,3.212791762580134,15.301601445508776,5.888468107225068,19.21982129155219,0.0,46.12757109972526,13.49030400260314,0,0.0,1.0,23.720585263157897,86.44243578947369,INDUSTRIAL
2,3.66,4.59,337.605,339.7,2,3,0.9993453692148064,0.6666666666666666,0.6,0.6666666666666666,0.5001637112815208,48.83742611537135,10.0,0,1,0,1.831637830746764,84.46325586000346,0.0,11.01457884705824,2.69052746219153,0.0,77.95254341283066,0,0.0,173.0,24.578760000000003,79.38059000000001,AGRICULTURAL
10,2.904,5.56,321.167,338.81,2,2,1.5915336196069894,1.0,0.4,5.0,0.3858718993395315,59.64679748348829,10.0,0,1,0,1.987574564986016,75.08725031558625,0.8044355337739164,22.11578921313829,0.0,0.0049503725155317,68.92080409285451,0,0.0,123.0,29.625191,79.819531,WILDFIRE
5,3.3280000000000003,9.6,325.18,347.79,3,4,1.3105653883854604,0.75,0.8,1.25,0.4327945034694577,55.81986258673645,10.0,0,1,0,0.0569292839286156,94.2649934407564,0.0618796564441474,5.613722432613054,0.0,0.0024751862577658,96.79980845882444,0,0.0,69.0,29.808637999999995,80.036374,WILDFIRE
3,0.8000000000000002,1.08,302.32666666666665,306.65,3,3,0.1428625025068164,1.0,0.1,1.0,0.8749958965374627,65.99991793074926,50.0,0,0,1,0.0,0.0,70.0,10.0,5.0,15.0,0.0,1,100.0,8.0,52.55767,52.38368666666667,INDUSTRIAL
6,1.2666666666666666,2.07,308.32166666666666,321.78,3,3,0.2731128893072445,1.0,0.1,2.0,0.7854762986054936,67.70952597210987,50.0,0,0,1,0.0,0.0,70.0,10.0,5.0,15.0,0.0,1,100.0,7.0,52.39956333333333,53.72173166666666,INDUSTRIAL
2,0.66,0.79,303.48,304.28,2,2,0.099352313081418,1.0,0.0666666666666666,1.0,0.90962650289702,66.6925300579404,50.0,0,0,1,0.0,0.0,70.0,10.0,5.0,15.0,0.0,1,100.0,32.0,53.534145,49.468355,INDUSTRIAL
5,0.736,0.95,301.28000000000003,306.94,3,3,0.2974754304368186,1.0,0.1,1.6666666666666667,0.7707275039985396,66.24788341330412,50.0,0,0,1,0.0,0.0,70.0,10.0,5.0,15.0,0.0,1,100.0,5.0,53.075198,51.23164800000001,INDUSTRIAL
17,7.281764705882352,21.63,330.2541176470588,367.0,1,1,1.283559546942554,1.0,0.0333333333333333,17.0,0.4379128196323564,88.75825639264713,50.0,0,0,1,0.0,0.0,70.0,10.0,5.0,15.0,0.0,1,100.0,30.0,53.080200000000005,48.387788823529405,INDUSTRIAL
14,4.441428571428572,13.22,334.81,349.77,3,3,4.27191043675629,1.0,0.6,4.666666666666667,0.1896845578080954,59.07544727853572,30.0,0,0,0,0.262369743323185,91.9358431721987,0.0,7.670602212816514,0.1311848716615925,0.0,25.375813013124176,0,0.0,552.0,22.29828214285714,78.04077857142859,AGRICULTURAL
2,6.6,6.6,347.46500000000003,348.1,1,1,0.4077564860557978,1.0,0.2,2.0,0.7103501279555561,56.7587531988889,40.0,1,0,0,68.16415435261504,14.190242815771889,0.0,11.700205440459396,0.1410856166926561,0.2598945570654192,49.69827076169411,0,0.0,1105.0,22.136755,79.22587,AGRICULTURAL
2,1.585,1.71,303.14,303.55,1,1,0.1060016149909506,1.0,0.2,2.0,0.9041578117480256,61.60394529370063,10.0,0,1,0,0.9034429840845524,83.89148783445954,0.0123759312888294,14.18281725699859,0.0,0.3811786836959481,85.02667184481035,0,0.0,175.0,29.789215,79.79437,WILDFIRE
3,2.853333333333333,3.76,340.65333333333336,345.39,2,7,0.4955719391807747,0.2857142857142857,0.4,0.4285714285714285,0.6686405205942599,47.31704939519896,30.0,0,0,0,41.5955050617559,3.4306081532635333,8.880968292864038,42.84794930818544,0.695527338432217,2.50983886537462,5.727332952322972,4,5430.0,17.0,22.45024,82.64422333333333,INDUSTRIAL
2,0.8049999999999999,1.13,307.73,313.76,1,1,0.3716353000573147,1.0,0.2,2.0,0.7290567689226242,57.226419223065605,10.0,0,1,0,2.7524071186356776,74.31251701690552,0.1237593128882948,21.957377292641272,0.0,0.8489888864137027,92.67637169969824,0,0.0,76.0,29.8575,79.80864,WILDFIRE
7,4.332857142857143,7.15,328.87428571428575,351.79,1,1,2.1659339347156688,1.0,0.2,7.0,0.3158625608180322,56.8965640204508,10.0,0,1,0,0.168312665528081,79.75545159773273,0.0297022350931907,20.0391079428727,0.0,0.0074255587732976,82.0551838838533,0,0.0,79.0,30.02743285714286,78.51186428571428,WILDFIRE
5,7.444,10.79,347.63,353.76,2,2,1.4099418144904723,1.0,0.4,2.5,0.4149477775717284,55.37369443929321,10.0,0,1,0,20.92522462315289,37.38768842355388,0.0198014900621271,38.12776911462588,3.539516348605233,0.0,46.46714836229685,0,0.0,530.0,21.795300000000005,76.841046,AGRICULTURAL
2,0.64,0.84,307.62,309.63,1,1,0.8580385474135798,1.0,0.2,2.0,0.5382019664726635,52.45504916181659,30.0,0,0,0,12.524442464295438,5.3043241503923175,8.497314422910323,26.014207569119577,0.0099007450310635,38.6995371401698,9.440603957546154,1,4760.0,3.0,24.179485,82.644675,INDUSTRIAL
3,3.1633333333333336,4.25,327.4733333333333,339.3,2,2,0.6511333791537038,1.0,0.4,1.5,0.6056445909370173,58.14111477342544,10.0,0,1,0,14.410534392713052,55.711492289794805,0.0,25.22709833915002,4.593945694413504,0.0569292839286156,48.14703978019415,0,0.0,780.0,23.383906666666665,78.82494,AGRICULTURAL
7,6.542857142857144,12.38,333.08714285714285,348.79,3,4,1.4003271563891106,0.75,0.8,1.75,0.4166098764238172,56.41524691059543,30.0,0,0,0,11.581396500086631,48.5483032598203,0.0,36.38523798915869,3.438033712036831,0.047028538897552,66.69819720917326,0,0.0,303.0,23.278594285714288,78.17956428571428,AGRICULTURAL
2,1.2,1.45,301.265,302.74,1,1,0.1318057900202968,1.0,0.2,2.0,0.8835438100931317,61.08859525232829,40.0,1,0,0,93.49026014207568,5.90579441102943,0.0,0.5692928392861563,0.0,0.0346526076087225,13.805174082912073,0,0.0,471.0,22.975345,78.59807,AGRICULTURAL
11,5.162727272727272,15.45,320.2490909090909,367.0,2,2,2.374804676801465,1.0,0.4,5.5,0.2963134450043991,58.40783612510998,10.0,0,1,0,1.584119204970174,91.3913021954902,0.0767307739907428,6.93052152174451,0.0,0.0173263038043612,45.48833446152141,0,0.0,96.0,29.442976363636365,79.69357363636362,WILDFIRE
2,2.01,2.22,311.265,316.48,2,4,0.4293932741114978,0.5,0.8,0.5,0.6995975272246848,53.48993818061712,60.0,0,0,0,2.232618004504839,23.82614291725452,0.6361228682458354,31.20467315165466,1.1237345610257172,39.872775426350834,7.887051517045342,4,4555.7,2.0,24.206195,82.711495,INDUSTRIAL
3,0.65,0.65,301.78,307.04,1,1,0.5424861962562233,1.0,0.2,3.0,0.6483040188152772,57.20760047038193,10.0,0,1,0,0.2648449295809509,86.84686022623202,0.0099007450310635,12.878394099155962,0.0,0.0,89.68686032923992,0,0.0,40.0,30.024356666666662,78.89820999999999,WILDFIRE
32,4.3578125,17.85,323.5709375,367.0,5,5,5.941089000082291,1.0,1.0,6.4,0.14406961212976,71.40174030324401,10.0,0,1,0,0.0,99.77970842305884,0.0,0.2202915769411648,0.0,0.0,53.640260616440834,0,0.0,33.0,29.3123703125,79.9942321875,WILDFIRE
5,5.174,8.13,336.048,349.92,2,2,1.5835826177592136,1.0,0.4,2.5,0.3870594240440112,54.67648560110028,10.0,0,1,0,0.0,39.56585233038786,0.0,47.22160342565778,13.212544243954358,0.0,113.0394467616611,0,0.0,654.0,23.102102,77.63809599999999,AGRICULTURAL
10,3.5180000000000007,4.66,311.938,324.26,5,5,0.5986641841713516,1.0,1.0,2.0,0.6255222390675738,74.63805597668936,60.0,0,0,0,3.3390262617261945,16.81889062151927,21.9697532239301,17.588673547684465,0.0,37.47431994257568,24.15382018474432,0,0.0,4.0,23.791744,86.35250099999999,INDUSTRIAL
14,3.868571428571428,8.89,319.75642857142856,345.01,4,5,1.930608576034574,0.8,1.0,2.8,0.3412260539253272,63.13065134813319,60.0,0,0,0,3.722680131679909,20.01683126655281,53.80807405757283,1.225217197594119,0.0,21.219771787827035,1.0307817365734868,2,826.0,0.0,23.67755571428572,86.08847857142858,INDUSTRIAL
2,0.81,0.84,300.61,301.57,1,1,0.386891810574449,1.0,0.2,2.0,0.721036776174921,57.02591940437303,40.0,1,0,0,95.11645751342787,2.2474691220514345,1.0742308358703994,0.4950372515531794,0.0,0.0049503725155317,111.39188258831526,0,0.0,1221.0,23.066935,75.84842499999999,AGRICULTURAL
2,0.845,0.87,297.825,298.25,2,4,0.066978701813001,0.5,0.1333333333333333,0.5,0.9372258305632613,42.994516611265226,50.0,0,0,1,0.0,0.0,70.0,10.0,5.0,15.0,0.0,1,100.0,13.0,52.0767,53.356260000000006,INDUSTRIAL
2,11.47,20.67,338.11,342.6,2,3,0.9415178074215966,0.6666666666666666,0.6,0.6666666666666666,0.5150609467383844,49.20985700179294,40.0,1,0,0,94.23281601940546,4.386030048761169,0.1633622930125492,0.962847454270934,0.2549441845498874,0.0,68.19184225205636,0,0.0,273.0,30.81752,74.853395,AGRICULTURAL
2,23.97,23.97,347.29,352.89,1,1,0.5139829698659669,1.0,0.2,2.0,0.6605094112046254,55.51273528011564,40.0,1,0,0,91.82445979059924,3.873666493403628,3.2523947427043884,0.4158312913046706,0.6286973094725378,0.0,44.07651440094403,0,0.0,291.0,31.0407,75.377925,AGRICULTURAL
4,10.54,11.4,349.995,351.72,1,1,0.95361258426138,1.0,0.2,4.0,0.5118722146121305,55.79680536530326,10.0,0,1,0,0.0,93.54718942600432,0.0,0.5816687705749858,5.868666617162941,0.0,66.25829378035172,0,0.0,694.0,24.1948625,74.41895500000001,AGRICULTURAL
49,7.33734693877551,40.62,328.24244897959187,355.09,2,2,5.759996370663738,1.0,0.4,24.5,0.1479290735036021,63.69822683759006,10.0,0,1,0,0.2970223509319076,96.36890175985742,0.0123759312888294,3.3216999579218336,0.0,0.0,48.549365489745625,0,0.0,25.0,29.24916836734694,79.9735593877551,WILDFIRE
6,6.565,12.58,339.07666666666665,367.0,1,1,1.7441657684213596,1.0,0.2,6.0,0.3644094724551832,56.11023681137958,40.0,1,0,0,99.77723323680108,0.1014826365684017,0.0272270488354248,0.0915818915373381,0.0,0.0024751862577658,74.74970387850365,0,0.0,394.0,23.66013333333333,77.978225,AGRICULTURAL
4,4.135,11.0,312.81499999999994,342.07,2,2,0.7852234246344075,1.0,0.4,2.0,0.5601539763600112,58.00384940900029,20.0,0,0,0,6.757258483700898,28.056236231776445,0.0,39.28863146951808,25.89787381500458,0.0,47.91028902523339,0,0.0,331.0,21.1165025,74.008585,AGRICULTURAL
2,6.425,8.68,345.025,350.11,1,1,0.4071823936291255,1.0,0.2,2.0,0.7106399316303259,56.76599829075815,30.0,0,0,0,0.3861290562114799,84.42365287987921,1.3514516967401795,13.769461151951685,0.0693052152174451,0.0,51.30823454411959,0,0.0,26.0,29.557725,79.231865,WILDFIRE
5,1.114,1.57,307.012,315.86,1,1,1.443300905006402,1.0,0.2,5.0,0.4092823761293453,55.23205940323363,10.0,0,1,0,0.6583995445657286,82.03262295487735,0.0767307739907428,17.22977154030841,0.0024751862577658,0.0,75.92717770796756,0,0.0,98.0,29.971524,78.553746,WILDFIRE
5,3.697999999999999,5.09,337.866,342.38,1,1,0.8476105976261132,1.0,0.2,5.0,0.5412395887341421,58.53098971835355,10.0,0,1,0,0.0,91.08437909952724,0.0,8.91562090047276,0.0,0.0,14.614349541413109,0,0.0,843.0,22.226984,78.23765999999999,AGRICULTURAL
13,3.1223076923076927,6.0,316.32769230769225,337.51,5,5,2.018691712878818,1.0,1.0,2.6,0.331269336227228,68.48173340568071,50.0,0,0,1,0.3960298012425435,6.772109601247493,90.7452785822133,0.0618796564441474,0.0,1.967773074923888,3.518860330166187,1,560.0,0.0,21.18821307692308,81.39006230769232,INDUSTRIAL
3,2.5966666666666667,3.37,336.7033333333333,341.81,1,1,0.4691356072928198,1.0,0.2,3.0,0.6806723593356387,58.016808983390966,40.0,1,0,0,90.55963961288089,5.178089651246257,3.24001881141556,1.0222519244573154,0.0,0.0,55.544579864126575,0,0.0,84.0,26.045546666666667,79.63865,AGRICULTURAL
7,1.3914285714285717,2.05,309.94714285714286,320.9,4,4,0.2789807663594964,1.0,0.1333333333333333,1.75,0.7818725865959735,66.76245173191947,50.0,0,0,1,0.0,0.0,70.0,10.0,5.0,15.0,0.0,1,100.0,17.0,51.87034428571428,52.98023285714286,INDUSTRIAL
328,2.704939024390244,24.57,313.62393292682924,367.0,79,90,1.4653789631932634,0.8777777777777778,1.0,3.644444444444445,0.4056171545751967,72.5580195163412,50.0,0,0,1,0.8811663077646593,15.239721789064628,77.87678522808842,0.3415757035716937,0.0,5.60382168758199,2.777482090640419,1,560.0,0.0,21.189930914634147,81.39767682926829,INDUSTRIAL
2,4.63,4.85,343.455,343.64,2,2,0.6291517295458029,1.0,0.4,1.0,0.6138163695034063,57.345409237585166,10.0,0,1,0,11.078933689760156,18.541620256924336,0.0148511175465953,68.95373876884236,0.5866191430905175,0.8192866513205119,28.868791873315907,0,0.0,585.0,22.6587,79.041575,AGRICULTURAL
4,3.285,7.27,326.57,345.18,2,2,0.93150751549583,1.0,0.4,2.0,0.5177303178876287,56.94325794719073,10.0,0,1,0,0.4034553600158412,97.39610405683028,0.0,1.5469914111036855,0.0,0.6336476819880696,49.19679957858785,0,0.0,41.0,29.1925925,80.0057175,WILDFIRE
9,2.525555555555556,5.98,320.21444444444444,340.2,4,4,0.2422710858915132,1.0,0.1333333333333333,2.25,0.8049772802063989,68.97454560412798,50.0,0,0,1,0.0,0.0,70.0,10.0,5.0,15.0,0.0,1,100.0,20.0,52.017253333333336,51.14945555555556,INDUSTRIAL
18,5.181111111111111,7.69,332.4061111111112,344.86,4,4,0.4423360652636269,1.0,0.1333333333333333,4.5,0.6933196944064642,74.61639388812928,50.0,0,0,1,0.0,0.0,70.0,10.0,5.0,15.0,0.0,1,100.0,0.0,51.812597777777775,52.54968777777778,INDUSTRIAL
65,3.1058461538461537,11.83,326.9787692307692,367.0,2,2,5.205591062795459,1.0,0.4,32.5,0.161145004542005,64.02862511355013,10.0,0,1,0,0.0,99.56189203237544,0.0,0.4381079676245637,0.0,0.0,35.53508683644276,0,0.0,17.0,29.168265846153847,79.86679384615385,WILDFIRE
4,2.58,4.98,322.4375,342.34,1,1,0.6218761668437548,1.0,0.2,4.0,0.616569883967187,58.41424709917968,10.0,0,1,0,1.801935595653573,70.87448330486869,0.0198014900621271,26.957253533328384,0.0,0.3465260760872256,71.94395826595412,0,0.0,121.0,29.8971525,78.77114750000001,WILDFIRE
2,2.325,3.07,333.145,335.37,2,33,0.4276954153327013,0.0606060606060606,0.4,0.0606060606060606,0.7004295098664067,41.835362212838085,40.0,1,0,0,87.00279696047127,1.6658003514764486,1.68312665528081,7.10625974604589,0.0,0.7029528972055148,6.104845528614515,1,63.0,4.0,22.29997,82.58411,INDUSTRIAL
3,0.68,0.96,301.05,301.37,2,3,0.0718822159504834,0.6666666666666666,0.1,1.0,0.9329383257966058,52.15876651593212,50.0,0,0,1,0.0,0.0,70.0,10.0,5.0,15.0,0.0,1,100.0,16.0,52.27891333333333,50.87423666666667,INDUSTRIAL
4,2.6625,4.5,312.85,327.19,2,2,1.5434055057423963,1.0,0.4,2.0,0.3931736397291903,53.82934099322976,40.0,1,0,0,92.56206529541348,2.7425063736046136,0.7128536422365783,3.2969480953441743,0.0,0.6361228682458354,67.92597274043868,0,0.0,237.0,22.5641325,77.7376125,AGRICULTURAL
5,11.812,25.64,346.688,367.0,2,2,1.6006547147719004,1.0,0.4,2.5,0.3845185577000784,54.61296394250195,10.0,0,1,0,0.3192990272518007,94.53231355659514,0.0173263038043612,5.131061112348704,0.0,0.0,36.764180139372975,0,0.0,94.0,29.3863,79.597578,WILDFIRE
2,1.41,1.41,308.92,319.04,1,1,0.4607905974237732,1.0,0.2,2.0,0.6845608136878646,56.11402034219661,30.0,0,0,0,0.7722581124229598,68.9289869062647,0.4108809187891389,29.88539887626544,0.0,0.0024751862577658,92.2040487700046,0,0.0,135.0,30.04026,78.92077499999999,WILDFIRE
2,0.915,1.03,306.45,308.44,1,1,0.3755844949201909,1.0,0.2,2.0,0.7269637042964913,57.17409260741229,10.0,0,1,0,38.33815994653597,58.048068117125815,0.5197891141308384,2.940521274225885,0.0049503725155317,0.0495037251553179,43.75258289432196,0,0.0,59.0,28.875770000000003,80.351615,WILDFIRE
2,3.185,4.26,334.485,337.83,2,33,0.4623946460524338,0.0606060606060606,0.4,0.0606060606060606,0.6838099433004524,41.17057955019992,30.0,0,0,0,35.848122571223485,4.532066037969358,3.00982648944333,48.95670899235167,1.5717432736813444,5.277097101556892,4.887985354744962,4,5430.0,11.0,22.45067,82.65853,INDUSTRIAL
2,1.95,1.95,312.095,315.05,1,1,0.5104564967406913,1.0,0.2,2.0,0.6620515070495776,55.55128767623945,30.0,0,0,0,0.8316625826093413,56.31296255043192,0.0,23.96722853394718,18.88814633301156,0.0,85.8215018856405,0,0.0,196.0,24.50362,79.432925,AGRICULTURAL
3,1.6666666666666667,1.93,339.5933333333333,343.14,1,1,0.2442651536082489,1.0,0.2,3.0,0.8036872181946881,68.14748872778753,40.0,1,0,0,62.73359570307666,25.04888492859088,6.499839112893245,2.7177545110269548,0.0,0.2351426944877602,1.68138469602224,1,560.0,3.0,21.169596666666667,81.41876333333333,INDUSTRIAL
2,1.155,1.23,310.94,310.96,1,1,0.2629330806949996,1.0,0.2,2.0,0.7918075908263437,58.7951897706586,10.0,0,1,0,3.5914952600183168,80.70592312071483,0.3415757035716937,15.361005915695156,0.0,0.0,66.09727842755147,0,0.0,199.0,29.71442,79.20390499999999,WILDFIRE
2,3.745,5.34,334.495,335.83,2,2,0.0336567233232672,1.0,0.0666666666666666,1.0,0.9674391676038648,67.8487833520773,50.0,0,0,1,0.0,0.0,70.0,10.0,5.0,15.0,0.0,1,100.0,23.0,53.227755,50.32486,INDUSTRIAL
2,0.54,0.58,296.70000000000005,296.74,1,1,0.1953322666582265,1.0,0.2,2.0,0.836587472699692,59.9146868174923,40.0,1,0,0,82.03757332739289,1.4009554218954976,2.571718521818767,10.40568302764783,0.0,0.1485111754659538,99.48736056757669,0,0.0,483.0,23.626315,79.810835,AGRICULTURAL
4,8.2375,12.49,334.93499999999995,342.8,1,1,0.8754886919362853,1.0,0.2,4.0,0.5331943638474212,56.32985909618553,10.0,0,1,0,2.4925125615702584,68.31761590059652,0.4950372515531794,26.96220390584391,0.0,1.613821440063365,73.54748459314038,0,0.0,87.0,29.896665,78.81733249999999,WILDFIRE
4,4.445,7.09,341.25750000000005,349.72,1,1,1.905369419308727,1.0,0.2,4.0,0.344190309622633,51.60475774056582,10.0,0,1,0,0.1955397143635058,94.65607286948344,0.0148511175465953,5.121160367317641,0.0123759312888294,0.0,61.86495385281288,0,0.0,72.0,29.84554,78.5374575,WILDFIRE
226,2.588716814159292,31.24,315.85783185840705,367.0,72,90,0.4104889005279251,0.8,1.0,2.511111111111111,0.7089740299450176,82.35896119780071,40.0,0,0,0,0.0,0.0,0.0,0.0,0.0,0.0,1.5280073939958745,2,900.0,0.0,22.055565840707967,88.12360314159294,INDUSTRIAL
17,1.3205882352941176,1.99,307.9423529411765,320.84,3,5,3.807109237851516,0.6,1.0,3.4,0.2080252289933271,55.00063072483318,10.0,0,1,0,0.0,96.68077522833592,0.0,3.319224771664068,0.0,0.0,88.93894633303208,0,0.0,72.0,29.852236470588235,79.66638470588235,WILDFIRE
4,4.0575,6.0,336.90000000000003,340.98,3,24,0.3584019671932474,0.125,0.6,0.1666666666666666,0.7361591223739292,51.19636489495717,40.0,1,0,0,63.9934655082795,10.724982054899632,9.123536546125097,15.08626024108314,0.0173263038043612,0.3341501447983961,3.212764699944617,4,7770.0,5.0,22.4030275,82.65267499999999,INDUSTRIAL
2,5.585,7.12,346.125,347.04,2,29,0.5508526716895046,0.0689655172413793,0.4,0.0689655172413793,0.644806575282613,39.8612285285459,30.0,0,0,0,34.85062250934383,24.380584638994087,0.408405732531373,26.0488601767283,0.6757258483700899,9.660651964060296,5.905233980844345,4,5430.0,12.0,22.464985,82.67317,INDUSTRIAL
2,3.205,5.4,326.04,345.51,2,4,0.2491058052312716,0.5,0.8,0.5,0.8005726943322069,56.01431735830518,10.0,0,1,0,12.93284819682681,49.61015816440187,0.0123759312888294,34.75656543154872,2.683101903418232,0.0049503725155317,78.13021897948241,0,0.0,270.0,22.800905,76.493755,AGRICULTURAL
2,4.795,5.48,342.185,348.0,1,1,0.1973582741428344,1.0,0.2,2.0,0.8351719126974595,69.40687650789837,10.0,0,1,0,45.59293086804782,16.14811514566471,6.9899259919308925,30.449741343036063,0.7277047597831737,0.0915818915373381,3.2795064163405065,4,7770.0,14.0,22.41435,82.71403000000001,INDUSTRIAL
2,4.165,4.51,343.35,343.75,1,1,0.2664214679282352,1.0,0.2,2.0,0.7896265384982145,58.740663462455366,40.0,1,0,0,97.8292616519393,0.863840003960298,1.0445286007772083,0.2574193708076533,0.0,0.0049503725155317,42.97999154834404,0,0.0,72.0,31.41079,74.69474500000001,AGRICULTURAL
6,1.5016666666666667,2.31,309.7166666666667,332.03,3,3,0.2332915624224031,1.0,0.1,2.0,0.8108382725296709,68.21676545059341,50.0,0,0,1,0.0,0.0,70.0,10.0,5.0,15.0,0.0,1,100.0,2.0,53.03716500000001,52.41228,INDUSTRIAL
2,2.085,2.14,318.81,331.08,2,2,0.0534524047909079,1.0,0.4,1.0,0.9492597818868548,65.73149454717138,10.0,0,1,0,11.556644637508972,69.77302542016287,0.9257196604044454,17.744610281923716,0.0,0.0,53.858939749455416,0,0.0,80.0,29.54456,79.468985,WILDFIRE
5,2.224,4.48,325.922,347.28,2,3,2.2692157386475382,0.6666666666666666,0.6,1.6666666666666667,0.3058837592693396,45.98042731506682,10.0,0,1,0,1.6658003514764486,73.68877007994851,1.0247271107150813,23.541496497611444,0.0,0.0792059602485087,59.28601537262967,0,0.0,59.0,29.580582,79.66554199999999,WILDFIRE
2,3.665,4.24,337.025,343.45,1,1,0.2936181470141543,1.0,0.2,2.0,0.7730256430834209,58.32564107708552,40.0,1,0,0,98.054503601396,0.4925620652954134,0.9999752481374224,0.4356327813667978,0.0,0.0173263038043612,29.514068010804337,0,0.0,188.0,31.446285000000003,74.84413,AGRICULTURAL
16,0.814375,1.47,302.718125,310.83,15,80,0.1390370203325742,0.1875,1.0,0.2,0.8779345904912043,70.74238361964817,50.0,0,0,1,14.74963491002698,21.94005098883691,52.23385559763373,9.180465830053713,0.0,1.68312665528081,7.380792814101335,1,560.0,1.0,21.240005625,81.38548374999999,INDUSTRIAL
2,1.42,1.72,332.96500000000003,333.01,1,1,0.0611681295283109,1.0,0.2,2.0,0.9423577397151004,62.55894349287752,10.0,0,1,0,27.588426029058688,69.50075493180861,2.7425063736046136,0.1039578228261676,0.0,0.0643548427019133,26.58714792185972,0,0.0,82.0,29.252830000000003,79.35612,WILDFIRE
4,0.6075,0.73,298.4775,302.2,3,3,0.2007538782490693,1.0,0.1,1.3333333333333333,0.8328101354610594,66.32286937588785,50.0,0,0,1,0.0,0.0,70.0,10.0,5.0,15.0,0.0,1,100.0,4.0,53.5400075,52.77308,INDUSTRIAL
7,1.8414285714285712,2.61,308.9114285714286,310.98,2,3,1.603787409852523,0.6666666666666666,0.6,2.333333333333333,0.3840559318383982,49.268064962626624,10.0,0,1,0,0.0346526076087225,99.54456572857109,0.0,0.3960298012425435,0.0247518625776589,0.0,60.05143633793161,0,0.0,733.0,21.844797142857143,80.31552714285715,AGRICULTURAL
5,2.75,10.6,311.51800000000003,343.55,1,1,2.4586363228420027,1.0,0.2,5.0,0.2891312953014638,52.2282823825366,40.0,1,0,0,86.16865919160416,9.143338036187224,4.611271998217866,0.022276676319893,0.0074255587732976,0.0173263038043612,40.7357631798546,0,0.0,1.0,28.915858,79.905524,WILDFIRE
5,1.0719999999999998,2.54,312.262,332.67,3,4,0.3560089788176231,0.75,0.8,1.25,0.7374582437292957,63.4364560932324,60.0,0,0,0,0.5643424667706245,21.53907081507884,0.2970223509319076,7.220118313903121,0.0099007450310635,69.93143734065988,4.171121111338901,4,10715.7,1.0,24.132984,82.732726,INDUSTRIAL
3,1.25,1.27,312.74666666666667,325.71,2,2,0.8960979340090998,1.0,0.4,1.5,0.5273989186231564,56.18497296557892,40.0,1,0,0,75.31001707878518,8.722556372367022,6.135986733001658,8.841365312739784,0.9900745031063588,0.0,64.31601184139355,0,0.0,746.0,22.593923333333333,77.83762,AGRICULTURAL
5,2.076,3.95,313.132,334.29,2,2,1.3740512392717517,1.0,0.4,2.5,0.4212209001465164,55.53052250366292,10.0,0,1,0,0.0,95.7822826167669,0.0,4.217717383233088,0.0,0.0,86.48963909854974,0,0.0,204.0,29.832752000000006,79.64496,WILDFIRE
147,4.010816326530612,14.16,321.3532653061224,367.0,5,5,3.454084018624306,1.0,1.0,29.4,0.2245130526991858,80.61282631747964,60.0,0,0,0,0.670775475854558,10.482413801638574,8.497314422910323,14.472414049157198,0.0,61.81530160144551,20.15097472534418,0,0.0,0.0,23.77015585034014,86.39475142857144,INDUSTRIAL
2,49.43,55.66,355.615,367.0,1,1,0.436548072034255,1.0,0.2,2.0,0.6961131475286645,56.40282868821661,40.0,1,0,0,91.13388282468256,7.244870176480781,0.0247518625776589,1.0965075121902923,0.4628598302022227,0.0346526076087225,74.00758274697206,0,0.0,129.0,30.4329,74.41931,AGRICULTURAL
6,1.2583333333333333,2.23,300.4066666666667,303.08,3,3,0.3668989304319992,1.0,0.1,2.0,0.7315829852057583,66.63165970411517,50.0,0,0,1,0.0,0.0,70.0,10.0,5.0,15.0,0.0,1,100.0,6.0,53.07504166666666,49.88912833333333,INDUSTRIAL
2,2.705,2.79,334.57,335.24,1,1,0.2778345193338647,1.0,0.2,2.0,0.7825739443330268,58.56434860832567,40.0,1,0,0,97.03225167693869,1.245018687656246,1.0470037870349744,0.6559243583079627,0.0,0.0198014900621271,13.789255317639132,0,0.0,135.0,25.634635,78.787705,AGRICULTURAL
2,1.035,1.29,305.385,307.97,1,1,0.4178634378313925,1.0,0.2,2.0,0.7052865412267698,56.632163530669246,30.0,0,0,0,1.8068859681691047,71.12942748941859,0.4257320363357342,26.637954506076586,0.0,0.0,90.4033690467943,0,0.0,117.0,29.833995,79.8158,WILDFIRE
2,0.7849999999999999,0.88,300.115,300.58,2,2,0.7091736895283703,1.0,0.4,1.0,0.5850780445116378,56.62695111279095,10.0,0,1,0,0.0049503725155317,80.87918615875844,0.0,19.113388282468257,0.0,0.0024751862577658,100.67972483679368,0,0.0,208.0,29.965485,79.447105,WILDFIRE
11,9.201818181818185,45.51,340.8118181818182,367.0,1,1,1.8973842576179336,1.0,0.2,11.0,0.3451388946325482,63.62847236581371,10.0,0,1,0,0.5989950743793471,99.39852973936289,0.0,0.0,0.0024751862577658,0.0,10.639938221791596,0,0.0,0.0,29.12053727272727,79.60861454545453,WILDFIRE
12,2.7383333333333333,8.21,313.365,337.11,5,5,0.6852628575339355,1.0,1.0,2.4,0.5933792437954228,74.63448109488557,60.0,0,0,0,18.52429395311997,16.57879755451598,3.779609415608524,17.630751714066484,0.0,32.21949951733868,4.160656659825147,2,4200.0,0.0,21.07511833333333,85.0425475,INDUSTRIAL
3,18.90333333333333,21.78,347.49666666666667,349.24,1,1,1.42973690100054,1.0,0.2,3.0,0.4115671946160963,51.2891798654024,40.0,1,0,0,92.567015667929,1.1064082572213558,3.6409989851736335,2.2796465434023907,0.0,0.2301923219722284,98.42300989442364,0,0.0,631.0,22.94791333333333,75.78150666666666,AGRICULTURAL
38,1.3010526315789472,3.57,305.38473684210527,332.55,25,55,0.2208642070066022,0.4545454545454545,1.0,0.6909090909090909,0.8190919139581198,76.40004019468843,60.0,0,0,0,10.435385262741022,3.801886091928418,3.212791762580134,28.271577436202072,0.0074255587732976,50.62250934382813,6.14822265077296,4,7030.0,1.0,22.31499105263158,82.73825631578947,INDUSTRIAL
16,3.5962500000000004,8.8,322.5225,345.51,4,5,2.409929979967767,0.8,1.0,3.2,0.2932611537112714,62.73152884278179,50.0,0,0,1,0.5890943293482834,30.523996930769044,66.72607113685305,0.1311848716615925,0.0,1.7425311254671914,2.063164118479245,1,370.0,0.0,22.211208125,84.86352687499999,INDUSTRIAL
2,1.03,1.42,309.15,314.63,2,2,0.0687081826767044,1.0,0.4,1.0,0.9357091264103388,65.39272816025847,40.0,1,0,0,80.51780896512463,6.772109601247493,4.653350164599886,7.113685304819188,0.0,0.7326551322987054,56.95824979155893,0,0.0,1010.0,22.994405,78.17672,AGRICULTURAL
2,0.5,0.5,298.36,299.42,1,1,0.3721343031242846,1.0,0.2,2.0,0.7287916333867958,57.21979083466989,40.0,1,0,0,91.36902551917032,5.962723694958045,2.43063290512611,0.2301923219722284,0.0,0.0074255587732976,65.77302664754802,0,0.0,1053.0,24.051070000000003,77.209515,AGRICULTURAL
3,4.41,6.62,339.6266666666666,341.76,1,1,1.320711192591905,1.0,0.2,3.0,0.4309023902638836,51.77255975659709,10.0,0,1,0,13.83876636716913,77.75302591520011,0.0371277938664884,6.150837850548254,1.7771837330759142,0.4430583401400955,11.164968290619614,0,0.0,888.0,22.76715,78.90263666666667,AGRICULTURAL
4,15.645,27.55,350.39,367.0,1,1,0.8642328832887443,1.0,0.2,4.0,0.5364136685733558,56.4103417143339,10.0,0,1,0,0.143560802950422,84.63651889804707,0.0074255587732976,15.195168436424842,0.0,0.0173263038043612,96.89561102014122,0,0.0,225.0,29.9322825,79.46296749999999,WILDFIRE
3,1.6933333333333334,4.22,310.2366666666667,334.18,1,1,0.70030954498845,1.0,0.2,3.0,0.588128204624525,55.70320511561312,10.0,0,1,0,3.0024009306700328,80.76780277715898,0.6559243583079627,15.435261503428134,0.0,0.1386104304348902,79.61222276382394,0,0.0,18.0,29.70947,79.87331666666667,WILDFIRE
3,7.473333333333333,10.84,348.8966666666667,367.0,2,3,0.4729912611891184,0.6666666666666666,0.6,1.0,0.6788906535621391,53.97226633905347,40.0,1,0,0,89.15373381846983,3.821687581990545,0.1287096854038266,0.1386104304348902,6.757258483700898,0.0,64.77466291094126,0,0.0,88.0,29.82896,76.34997333333334,AGRICULTURAL
2,0.6699999999999999,0.7,298.695,299.71,2,3,0.0121012443817916,0.6666666666666666,0.1,0.6666666666666666,0.9880434448144728,52.09420222962279,50.0,0,0,1,0.0,0.0,70.0,10.0,5.0,15.0,0.0,1,100.0,27.0,51.842185,51.07988,INDUSTRIAL
6,1.215,1.85,305.46166666666664,311.34,2,57,0.2684593588347654,0.0350877192982456,0.4,0.1052631578947368,0.7883579343989562,44.586948954905615,80.0,0,0,0,18.57132249201753,7.170614588747803,16.841167297839164,35.385262741021265,0.2945471646741417,3.054379842083117,7.483599425708549,1,560.0,2.0,21.14407833333333,81.36559833333332,INDUSTRIAL
2,3.95,3.95,335.02,337.45,1,1,0.2186419338325181,1.0,0.2,2.0,0.8205855815703722,68.82342326281488,40.0,1,0,0,75.10952699190614,7.222593500160887,1.5890695774857058,15.450112620974728,0.0123759312888294,0.576718398059454,6.897453440800292,1,63.0,8.0,22.285075,82.59201999999999,INDUSTRIAL
3,4.946666666666666,7.18,323.3766666666667,341.05,1,1,0.6031306479210782,1.0,0.2,3.0,0.6237794787946875,56.594486969867184,10.0,0,1,0,0.2524689982921215,96.74265488478008,0.022276676319893,2.9825994406079057,0.0,0.0,89.02418928804738,0,0.0,33.0,29.862350000000003,79.48485,WILDFIRE
3,4.336666666666667,6.73,333.00333333333333,334.57,1,1,0.4464558516176934,1.0,0.2,3.0,0.6913449856638318,58.2836246415958,40.0,1,0,0,95.57684215737234,0.5420657904507314,1.3489765104824138,1.5544169698769832,0.9776985718175292,0.0,40.054052708852765,0,0.0,321.0,29.872133333333338,75.65001666666667,AGRICULTURAL
2,1.77,2.07,332.6,332.66,2,11,0.1854500663259577,0.1818181818181818,0.4,0.1818181818181818,0.8435614695263214,51.19700423559831,40.0,1,0,0,80.05494913492241,4.331575951090319,2.546966659241108,10.294299646048364,0.0,2.0791564565233536,6.612349795227725,2,2420.0,9.0,22.29039,82.68258,INDUSTRIAL
2,6.595000000000001,6.87,331.32,332.45,1,1,0.4619076445415604,1.0,0.2,2.0,0.6840377391374747,56.10094347843687,10.0,0,1,0,0.0099007450310635,96.34414989727978,0.0148511175465953,3.631098240142571,0.0,0.0,75.54142631920402,0,0.0,91.0,29.963345,78.614985,WILDFIRE
2,0.95,1.27,299.245,299.5,2,2,0.1864566275519458,1.0,0.0666666666666666,1.0,0.8428458122934777,65.35691624586956,50.0,0,0,1,0.0,0.0,70.0,10.0,5.0,15.0,0.0,1,100.0,29.0,53.53643,49.62751,INDUSTRIAL
7,4.875714285714285,10.41,313.26000000000005,335.02,2,2,1.5824660055374036,1.0,0.4,3.5,0.38722678163266,56.68066954081651,10.0,0,1,0,1.1138338159946537,95.40357911932873,0.2549441845498874,3.155862478651519,0.0,0.071780401475211,53.1451926844601,0,0.0,57.0,29.469414285714286,79.80882285714286,WILDFIRE
2,5.23,5.23,348.29,355.25,1,1,0.3681284344652677,1.0,0.2,2.0,0.7309255292182049,57.273138230455125,40.0,1,0,0,85.8097571842281,2.155887230514096,4.121185119180218,6.883492982846959,0.0,0.7871092299695552,70.96080366783922,0,0.0,65.0,22.690995,75.987005,AGRICULTURAL
6,1.9566666666666663,2.57,315.02,337.34,2,2,1.2655068858548366,1.0,0.4,3.0,0.4414023220338494,57.03505805084623,10.0,0,1,0,0.0767307739907428,92.32692260092573,0.0544540976708497,7.541892527412688,0.0,0.0,86.39134045493212,0,0.0,79.0,29.877486666666663,79.30156666666666,WILDFIRE
3,2.703333333333333,3.76,328.8633333333333,345.77,1,1,0.6849493681660953,1.0,0.2,3.0,0.5934896436018154,55.83724109004539,10.0,0,1,0,1.505100758832102,70.18945675662094,0.1281471430725162,27.98884366048545,0.1809136137494346,0.0075380672395597,79.92178093314922,0,0.0,52.0,30.00812,78.53156000000001,WILDFIRE
8,4.577500000000001,8.15,341.22125,350.2,4,13,0.903465690455368,0.3076923076923077,0.8,0.6153846153846154,0.5253575123598728,54.24506972516414,30.0,0,0,0,22.07371104675627,34.11301700452959,1.056904532066038,40.23662780624242,2.299448033464518,0.1980149006212717,6.536594790530582,3,7270.0,13.0,22.4649325,82.71102125,INDUSTRIAL
188,1.893563829787234,7.8,312.2153723404256,345.56,63,87,0.907113345784502,0.7241379310344828,1.0,2.160919540229885,0.5243526831849862,72.69824525843393,60.0,0,0,0,3.069230959629712,4.710279448528501,1.680651469023044,11.890794782307369,0.0,67.42159847528526,7.972254593613628,3,363.0,0.0,22.328107819148936,82.59591175531915,INDUSTRIAL
4,4.105,7.84,340.905,347.67,1,1,1.185441548323,1.0,0.2,4.0,0.4575734367122976,54.43933591780744,20.0,0,0,0,0.0544540976708497,25.20234647657236,0.0,13.346204301873716,61.396995123883066,0.0,51.74599432751381,0,0.0,968.0,24.2873725,78.6431225,AGRICULTURAL
65,1.0481538461538462,2.14,305.03,316.65,49,88,0.2092520643057497,0.5568181818181818,1.0,0.7386363636363636,0.826957447101085,79.78284333858886,60.0,0,0,0,9.764609786886464,25.761738570827458,4.272171480903938,39.37278780228212,0.0,17.81391549714116,5.95855404843589,5,9690.0,3.0,22.326838,82.68514507692308,INDUSTRIAL
3,1.22,2.47,312.2266666666667,341.04,2,2,1.0250591575755734,1.0,0.4,1.5,0.4938127344374535,55.345318360936346,10.0,0,1,0,8.385931041310858,67.19388133957081,0.7524566223608327,23.62070245785996,0.0099007450310635,0.0371277938664884,77.78927952125505,0,0.0,63.0,29.71118,79.82195666666667,WILDFIRE
3,2.8433333333333337,4.23,319.9633333333333,332.02,2,4,0.7260821184167573,0.5,0.8,0.75,0.5793467120308543,50.98366780077136,30.0,0,0,0,4.804336526323605,63.76327318630727,0.0965322640528699,31.32843246454296,0.0,0.0074255587732976,70.21280874846946,0,0.0,75.0,29.61350333333333,79.87518666666666,WILDFIRE
2,1.12,1.34,301.38,304.19,1,1,0.3412654139400712,1.0,0.2,2.0,0.7455645911739589,57.63911477934898,10.0,0,1,0,1.2994727853270958,78.97081755402094,0.4702853889755204,19.133189772530383,0.0,0.1262344991460607,69.31476767501918,0,0.0,111.0,29.68101,79.60962,WILDFIRE
2,2.48,2.68,328.62,346.41,1,1,0.3818738127658484,1.0,0.2,2.0,0.7236550767240315,57.09137691810079,10.0,0,1,0,0.5197891141308384,98.75745649860151,0.4009801737580752,0.3093982822207371,0.0,0.0123759312888294,90.80057365309077,0,0.0,128.0,30.096855,78.37463,WILDFIRE
2,1.34,1.34,309.14,313.14,1,1,0.5628426329349241,1.0,0.2,2.0,0.6398596883181132,54.99649220795283,10.0,0,1,0,12.049206702804389,33.041261354916955,8.937897576792654,17.655503576644143,0.5098883690997748,27.759213880844538,3.235256696933102,2,826.0,1.0,23.708715,86.07326,INDUSTRIAL
6,50.76499999999999,222.95,343.3766666666667,367.0,1,1,0.7315840582393432,1.0,0.0333333333333333,6.0,0.5775058942369737,77.55011788473948,50.0,0,0,1,0.0,0.0,70.0,10.0,5.0,15.0,0.0,1,100.0,31.0,52.84519666666666,49.96928833333334,INDUSTRIAL
6,6.293333333333333,7.27,341.45666666666665,347.64,3,3,2.3165394839610536,1.0,0.6,2.0,0.3015190999039959,56.5379774975999,10.0,0,1,0,7.121110863592485,61.69401747481498,0.0,18.28172569985892,12.90314596173362,0.0,126.02753160778644,0,0.0,382.0,23.012285,77.43698833333333,AGRICULTURAL
2,4.18,4.46,337.025,339.56,2,6,0.4086987206001198,0.3333333333333333,0.4,0.3333333333333333,0.7098749969574686,50.39499987829875,30.0,0,0,0,36.0213856092671,17.459963862280638,0.1732630380436128,33.6625331056162,12.45018687656246,0.2326675082299943,5.011718932459776,4,7770.0,16.0,22.436625,82.73130499999999,INDUSTRIAL
6,1.1683333333333332,1.85,310.39,322.34,4,4,0.2478751587143815,1.0,0.1333333333333333,1.5,0.8013622140136567,66.27724428027314,50.0,0,0,1,0.0,0.0,70.0,10.0,5.0,15.0,0.0,1,100.0,15.0,51.84669166666666,53.81178333333333,INDUSTRIAL
2,3.455,5.01,333.61,334.43,2,2,0.1816870479081342,1.0,0.4,1.0,0.8462477453486832,63.15619363371708,10.0,0,1,0,5.299373777876785,71.56753545704314,1.150961609861142,21.982129155218928,0.0,0.0,62.4161859940312,0,0.0,61.0,29.65571,79.264635,WILDFIRE
5,3.948,7.51,334.49799999999993,344.4,2,2,0.8342924590661658,1.0,0.4,2.5,0.5451693349429664,58.629233373574166,10.0,0,1,0,0.673250662112324,94.64864731071012,0.1089081953416994,4.569193831835846,0.0,0.0,84.60059153136632,0,0.0,70.0,29.820008,79.398096,WILDFIRE
4,8.06,15.35,329.445,367.0,2,2,1.6071409407933914,1.0,0.4,2.0,0.3835619257682652,53.58904814420664,10.0,0,1,0,0.0,97.23769213633324,0.0,2.7623078636667406,0.0,0.0,98.980587759432,0,0.0,182.0,29.9519175,79.4836675,WILDFIRE
2,1.13,1.21,305.685,306.66,1,1,0.166030310687101,1.0,0.2,2.0,0.8576106391357312,60.440265978393285,10.0,0,1,0,0.0519789114130838,98.46538452018514,0.0618796564441474,1.418281725699859,0.0024751862577658,0.0,87.04171605184881,0,0.0,136.0,30.0672,78.61813000000001,WILDFIRE
2,4.415,5.69,335.91,336.67,1,1,0.2552646045102967,1.0,0.2,2.0,0.7966447842207098,58.91611960551775,40.0,1,0,0,82.15143189525011,12.158114898146083,4.769683918714883,0.8613648177025321,0.0,0.0544540976708497,49.82226332929597,0,0.0,79.0,25.93817,80.685545,AGRICULTURAL
8,0.9425,1.15,306.27875,311.73,4,4,0.2578229153425567,1.0,0.1333333333333333,2.0,0.795024472683946,67.90048945367892,50.0,0,0,1,0.0,0.0,70.0,10.0,5.0,15.0,0.0,1,100.0,12.0,52.55700375,51.669015,INDUSTRIAL
5,2.134,4.76,319.074,341.25,2,2,0.4545437951144886,1.0,0.4,2.5,0.6875007843413123,62.18751960853282,10.0,0,1,0,1.4479839607930498,90.695774857058,0.3267245860250984,7.529516596123859,0.0,0.0,76.72274177654432,0,0.0,55.0,29.608232,80.00579,WILDFIRE
4,2.6975,2.7,335.27000000000004,337.21,1,1,0.6607568720423036,1.0,0.2,4.0,0.6021350968551208,58.053377421378016,10.0,0,1,0,3.2350684389000275,57.273334818445086,0.4034553600158412,39.07824063760798,0.0,0.0099007450310635,88.79017073339033,0,0.0,39.0,29.9224625,79.22635,WILDFIRE
5,1.15,1.77,307.116,311.51,4,4,0.1759602370693822,1.0,0.1333333333333333,1.25,0.8503688887407505,66.38237777481501,50.0,0,0,1,0.0,0.0,70.0,10.0,5.0,15.0,0.0,1,100.0,21.0,51.900664000000006,51.37407999999999,INDUSTRIAL
291,1.8837457044673545,5.52,311.511030927835,340.33,79,90,0.4844240576005858,0.8777777777777778,1.0,3.2333333333333334,0.6736619464497187,83.27981119132207,60.0,0,0,0,16.212469988366625,0.5816687705749858,0.8786911215068934,12.380881661345017,0.0,59.67426548847801,7.019809210068541,3,5760.0,2.0,22.329343505154643,82.65513869415808,INDUSTRIAL
2,7.705,10.18,344.94,349.38,2,2,0.520451310806453,1.0,0.4,1.0,0.6576994560053332,58.44248640013333,30.0,0,0,0,0.4628598302022227,46.850325486992894,0.0,50.473998168362165,2.212816514442712,0.0,61.42219072442202,0,0.0,813.0,21.55669,76.644065,AGRICULTURAL
15,4.462666666666666,8.12,343.202,367.0,2,3,2.2711574407858035,0.6666666666666666,0.6,5.0,0.3057021919922564,52.642554799806405,10.0,0,1,0,0.0198014900621271,98.47776045147396,0.0,1.2994727853270958,0.2029652731368035,0.0,64.21706278710782,0,0.0,543.0,22.15804266666667,79.922844,AGRICULTURAL
4,0.945,1.26,301.595,305.97,2,2,1.4417154042484366,1.0,0.4,2.0,0.4095481390910917,54.2387034772773,10.0,0,1,0,0.1089081953416994,86.921115813965,0.1212841266305289,12.84869186406277,0.0,0.0,94.82188747095064,0,0.0,73.0,29.830505,79.946975,WILDFIRE
3,8.423333333333334,11.89,351.6466666666667,367.0,1,1,0.55475433410007,1.0,0.2,3.0,0.6431884305238644,57.07971076309661,40.0,1,0,0,96.18573797678276,1.1187841885101852,2.143511299225267,0.3935546149847776,0.0891067052795722,0.0693052152174451,65.5102012642975,0,0.0,89.0,29.858766666666668,76.19319,AGRICULTURAL
2,1.765,2.88,315.525,327.53,2,2,0.5023132641813617,1.0,0.4,1.0,0.6656401323494394,58.64100330873598,30.0,0,0,0,30.098264894433303,30.981906388455737,3.7053538278755473,22.237073339768816,3.895943169723522,8.762159352491276,79.49338507346754,0,0.0,1034.0,23.48088,80.17665,AGRICULTURAL
4,2.932500000000001,4.23,324.23749999999995,346.14,1,1,0.860970376039882,1.0,0.2,4.0,0.5373540669293111,56.43385167323278,10.0,0,1,0,0.0,66.3448924531571,0.0,9.888369099774758,23.766738447068143,0.0,118.10822974091548,0,0.0,111.0,23.356835,77.637515,AGRICULTURAL
2,4.99,6.05,342.16,348.43,1,1,0.6086811123950434,1.0,0.2,2.0,0.6216272400383789,54.54068100095948,10.0,0,1,0,93.01007400806913,5.539466844880078,1.3960050493799658,0.0173263038043612,0.0346526076087225,0.0,13.036926097113987,0,0.0,44.0,30.5567,76.441465,AGRICULTURAL
3,1.66,3.97,311.86999999999995,336.09,2,3,1.0707891738860276,0.6666666666666666,0.6,1.0,0.4829076820618138,49.07269205154535,10.0,0,1,0,6.960223756837703,84.33207098834187,0.2227667631989307,8.418108462661815,0.0420781663820202,0.0247518625776589,57.90993009426532,0,0.0,57.0,29.794750000000004,78.66077333333332,WILDFIRE
5,0.6940000000000001,1.04,298.84000000000003,300.37,4,4,0.2120294186302934,1.0,0.1333333333333333,1.25,0.8250624816764707,65.87624963352941,50.0,0,0,1,0.0,0.0,70.0,10.0,5.0,15.0,0.0,1,100.0,9.0,52.58522000000001,51.98598199999999,INDUSTRIAL
9,2.48,3.47,331.03444444444443,343.09,3,4,2.316305462410214,0.75,0.8,2.25,0.3015403771862509,54.538509429656266,10.0,0,1,0,1.391054676864434,93.49026014207568,0.0668300289596792,4.571669018093612,0.2970223509319076,0.1584119204970174,82.48103195605898,0,0.0,22.0,30.027555555555555,78.43028444444445,WILDFIRE
3,4.113333333333333,4.88,338.7333333333333,340.82,1,1,0.5045003619028093,1.0,0.2,3.0,0.6646724888355993,57.616812220889976,40.0,1,0,0,79.98811910596272,4.586520135640207,0.0,14.566471126952305,0.0,0.8588896314447663,47.93058048858218,0,0.0,75.0,25.847543333333338,80.85382333333332,AGRICULTURAL
5,1.268,1.8,312.724,329.29,1,1,1.3110796429077358,1.0,0.2,5.0,0.4326981993324245,55.81745498331061,10.0,0,1,0,0.4504838989133932,82.61429172545233,0.2524689982921215,16.499591594267468,0.0,0.1831637830746763,69.87105747232164,0,0.0,131.0,29.89194,78.72102600000001,WILDFIRE
5,5.177999999999999,6.34,340.272,344.22,2,7,0.4500707792437951,0.2857142857142857,0.4,0.7142857142857143,0.6896215097317493,48.15628896069854,30.0,0,0,0,45.79837132744239,8.002277171357145,0.2326675082299943,30.278953491250217,0.0,11.989802232618004,4.628760895840088,6,5730.0,15.0,22.449124,82.61586,INDUSTRIAL
9,3.9922222222222215,9.45,328.3833333333334,367.0,2,2,1.7723574907474131,1.0,0.4,4.5,0.3607038426095637,58.0175960652391,10.0,0,1,0,0.1955397143635058,85.66867156753545,0.0,14.135788718101036,0.0,0.0,73.4408866777848,0,0.0,105.0,29.86754888888889,78.8829788888889,WILDFIRE
3,1.15,1.35,304.6166666666667,311.54,3,3,0.1651874814149423,1.0,0.1,1.0,0.8582309850991985,65.66461970198397,50.0,0,0,1,0.0,0.0,70.0,10.0,5.0,15.0,0.0,1,100.0,18.0,52.15578,50.962273333333336,INDUSTRIAL
2,2.895,5.55,320.73,340.69,2,2,0.6772889594746465,1.0,0.4,1.0,0.5962001921918187,56.90500480479548,40.0,1,0,0,83.76277814905572,7.73990742803396,0.962847454270934,6.831514071433875,0.695527338432217,0.0074255587732976,87.02817914255363,0,0.0,942.0,23.546175,80.20352,AGRICULTURAL
2,7.279999999999999,7.96,342.665,343.73,1,1,0.3868007235092431,1.0,0.2,2.0,0.7210841349069536,57.02710337267384,10.0,0,1,0,16.110987351798222,23.472191282394,1.079181208385931,45.32561075220911,0.1311848716615925,13.880844533551151,9.595648843704929,1,4760.0,4.0,24.174795,82.62813,INDUSTRIAL
3,3.296666666666667,3.51,340.61,346.61,2,4,1.2862678028707042,0.5,0.8,0.75,0.4373940790070048,47.43485197517512,10.0,0,1,0,20.707408232469493,70.2136085740452,0.0693052152174451,8.259696542164798,0.7499814361030668,0.0,40.991628896554495,0,0.0,354.0,21.978256666666667,79.48756,AGRICULTURAL
3,2.273333333333333,3.56,323.5333333333333,336.76,2,2,0.4807893146272533,1.0,0.4,1.5,0.6753155159359869,59.88288789839969,10.0,0,1,0,5.400856414445187,60.5826588450781,0.720279201009876,33.29620553946685,0.0,0.0,82.57145223230866,0,0.0,68.0,29.79480666666667,79.66217666666667,WILDFIRE
2,3.86,4.5,332.51,333.48,1,1,0.4436566172541165,1.0,0.2,2.0,0.6926854960163821,56.31713740040956,10.0,0,1,0,0.0569292839286156,98.90101730155196,0.0,1.0222519244573154,0.0198014900621271,0.0,58.00768068095406,0,0.0,365.0,22.26535,80.235985,AGRICULTURAL
