cluster_id,centroid_lat,centroid_lon,detection_count,unique_detection_days,observation_window_days,spatial_spread_km,temporal_recurrence,duration_score,detection_frequency,spatial_consistency,persistence_score,persistence_label,mean_frp,max_frp,mean_brightness,max_brightness,mean_confidence,satellite_count,fire_class,industrial_distance_km,industrial_feature_count,forest_distance_km,forest_feature_count,farmland_distance_km,farmland_feature_count,population_distance_km,population_feature_count,land_cover_type
0,29.04443,78.06863333333334,6,5,42.00555555555555,2.6025382485474418,0.1190318740907287,1.0,0.1428382489088745,0.2775820632586494,35.00343335616625,LOW / TRANSIENT,5.594999999999999,10.08,334.6233333333334,341.09,,1,WILDFIRE,,0,,0,,0,,0,unknown
1,29.175562222222226,79.42421,9,1,1.0,0.6007668600294517,1.0,0.1428571428571428,9.0,0.624700588805044,69.06544034752945,MEDIUM / RECURRENT,12.69,19.11,344.9877777777778,356.1,,1,WILDFIRE,,0,,0,,0,,0,unknown
2,29.354084285714286,79.30184000000001,7,3,5.000694444444444,1.5279838022927994,0.5999166782391335,0.7143849206349205,1.399805582557978,0.3955721548108941,49.56776101557653,MEDIUM / RECURRENT,2.3871428571428575,4.51,322.5371428571429,339.39,,1,WILDFIRE,,0,,0,,0,,0,unknown
3,29.523154909090906,79.80417581818182,110,28,43.97986111111111,13.40496022037826,0.6366550346591716,1.0,2.5011447790181744,0.069420531865498,53.67362640841732,MEDIUM / RECURRENT,3.1724545454545456,29.44,319.4783636363637,367.0,,1,WILDFIRE,,0,,0,,0,,0,unknown
4,29.313125434241503,80.04312545375042,14865,45,44.56666666666667,184.25644575997703,1.0,1.0,333.54525056095736,0.0053979228409446,80.10795845681888,HIGH / PERSISTENT,3.543563403969055,130.78,321.17967574840236,367.0,,1,WILDFIRE,,0,,0,,0,,0,unknown
5,28.932055,79.62042124999999,8,3,8.031944444444445,1.7867122309038994,0.3735085595711568,1.0,0.9960228255230849,0.3588458072241063,47.24176138051879,MEDIUM / RECURRENT,2.0875,4.65,316.925,338.0,,1,WILDFIRE,,0,,0,,0,,0,unknown
6,29.89748806818182,80.32976045454546,88,23,30.49375,8.669645962498793,0.7542529206804673,1.0,2.885837261733962,0.1034164026147637,59.23885479957955,MEDIUM / RECURRENT,2.7488636363636365,12.52,314.4639772727273,355.35,,1,WILDFIRE,,0,,0,,0,,0,unknown
7,30.094136666666667,79.566745,6,3,16.46736111111111,0.8401782725259792,0.1821785518491966,1.0,0.3643571036983933,0.5434256098607871,42.97347571933441,MEDIUM / RECURRENT,3.696666666666666,5.7,331.3516666666667,348.29,,1,WILDFIRE,,0,,0,,0,,0,unknown
8,30.702606666666668,78.05313000000001,3,3,29.506944444444443,0.8479801866801875,0.1016709814073899,1.0,0.1016709814073899,0.5411313428616649,39.58445316930673,LOW / TRANSIENT,2.48,4.1,322.0266666666667,334.38,,1,WILDFIRE,,0,,0,,0,,0,unknown
9,28.754439999999995,80.04895133333335,15,3,3.545138888888889,2.099079189472596,0.8462291870714985,0.5064484126984127,4.2311459353574925,0.3226764915839988,57.195053567357725,MEDIUM / RECURRENT,5.939333333333332,16.82,331.59266666666673,367.0,,1,WILDFIRE,,0,,0,,0,,0,unknown
10,28.803154545454547,79.96180909090909,11,5,21.589583333333337,3.7310807191146806,0.2315931680015439,1.0,0.5095049696033966,0.2113681966912473,38.35213475308578,LOW / TRANSIENT,4.21,17.99,323.9018181818182,367.0,,1,WILDFIRE,,0,,0,,0,,0,unknown
11,28.90630230769231,80.00518846153847,13,4,15.528472222222222,2.1886710265887506,0.2575913420687805,1.0,0.8371718617235365,0.313610275773667,41.96224621132773,MEDIUM / RECURRENT,2.6823076923076923,10.96,316.4523076923077,351.55,,1,WILDFIRE,,0,,0,,0,,0,unknown
12,29.632507941422592,80.07196541422594,1195,38,43.510416666666664,37.5170662227906,0.8733540818769452,1.0,27.464687574814462,0.0259625173479152,76.08664321265137,HIGH / PERSISTENT,3.133313807531381,51.16,319.740669456067,367.0,,1,WILDFIRE,,0,,0,,0,,0,unknown
13,29.624336666666665,79.78405333333335,3,2,18.041666666666668,0.4538028590878564,0.1108545034642032,1.0,0.1662817551963048,0.6878511716694649,42.969494565029024,MEDIUM / RECURRENT,3.9166666666666665,4.53,343.79333333333335,352.16,,1,WILDFIRE,,0,,0,,0,,0,unknown
14,29.57494,78.05229,3,2,5.002083333333333,0.9531305885728688,0.3998334027488546,0.7145833333333333,0.599750104123282,0.5119985349933458,43.29822333765673,MEDIUM / RECURRENT,13.86,16.36,350.8766666666667,367.0,,1,WILDFIRE,,0,,0,,0,,0,unknown
15,29.791241666666664,79.876935,6,4,31.0125,3.1191573225999716,0.1289802498992341,1.0,0.1934703748488512,0.2427681007747502,34.756611511665895,LOW / TRANSIENT,4.581666666666666,12.35,323.665,343.41,,1,WILDFIRE,,0,,0,,0,,0,unknown
16,29.392565714285716,80.12917285714285,7,4,26.995833333333337,1.6970204269830715,0.1481710140453773,1.0,0.2592992745794104,0.3707795424888996,38.12017489052502,LOW / TRANSIENT,5.17,8.29,331.6271428571428,353.95,,1,WILDFIRE,,0,,0,,0,,0,unknown
17,28.83161636363637,80.19041090909091,11,3,2.9604166666666667,0.9226765006445006,1.0,0.4229166666666666,3.715693173821253,0.5201082967752453,63.40646894981408,MEDIUM / RECURRENT,11.785454545454543,35.8,343.8436363636363,367.0,,1,WILDFIRE,,0,,0,,0,,0,unknown
18,28.933402647058823,80.16499147058823,34,8,16.9875,3.405571467666193,0.47093451066961,1.0,2.0014716703458424,0.2269853087934901,50.02535738999784,MEDIUM / RECURRENT,3.1738235294117647,16.58,328.12882352941176,367.0,,1,WILDFIRE,,0,,0,,0,,0,unknown
19,29.07258,79.84609666666667,3,1,1.0,0.3259306870076029,1.0,0.1428571428571428,3.0,0.7541872360287759,59.65517329200409,MEDIUM / RECURRENT,8.299999999999999,8.36,343.75333333333333,352.02,,1,WILDFIRE,,0,,0,,0,,0,unknown
20,29.127668125,79.61768843750001,32,13,32.518055555555556,7.184347426880055,0.3997779011660188,1.0,0.9840686797932772,0.1221844513486408,43.40405292737003,MEDIUM / RECURRENT,6.553125,45.51,334.5796875,367.0,,1,WILDFIRE,,0,,0,,0,,0,unknown
21,29.189882,78.001978,5,4,14.54375,1.161032171779383,0.2750322303394929,1.0,0.3437902879243661,0.4627418383950318,44.568545405631625,MEDIUM / RECURRENT,1.9200000000000004,3.49,323.45799999999997,342.02,,1,WILDFIRE,,0,,0,,0,,0,unknown
22,29.356958333333328,77.99863833333333,6,6,35.02777777777778,2.1322774336828436,0.1712926249008723,1.0,0.1712926249008723,0.3192565221862318,37.72295756505691,LOW / TRANSIENT,7.286666666666666,10.08,342.27666666666664,352.8,,1,WILDFIRE,,0,,0,,0,,0,unknown
23,29.449694,79.917408,20,10,32.9875,6.655014207873131,0.3031451307313376,1.0,0.6062902614626753,0.1306333303694599,39.435326705911365,LOW / TRANSIENT,3.803,12.52,326.372,351.56,,1,WILDFIRE,,0,,0,,0,,0,unknown
24,29.601529444444445,80.3315,18,10,32.00069444444444,4.552570203980763,0.312493218463141,1.0,0.5624877932336538,0.1800967773956423,40.66417378059009,MEDIUM / RECURRENT,3.8711111111111114,9.16,327.97888888888895,350.09,,1,WILDFIRE,,0,,0,,0,,0,unknown
25,29.77263024193548,80.37705943548386,124,25,32.9875,10.666417529625202,0.7578628268283442,1.0,3.758999621068587,0.0857161161479642,60.757520504088504,MEDIUM / RECURRENT,2.5144354838709684,13.79,319.33935483870954,356.11,,1,WILDFIRE,,0,,0,,0,,0,unknown
26,30.035691097560974,79.63973658536585,82,18,33.50486111111111,8.298453023542837,0.5372354757808776,1.0,2.447406056335109,0.107544770884801,50.84894918269696,MEDIUM / RECURRENT,4.863536585365853,84.74,321.4317073170731,367.0,,1,WILDFIRE,,0,,0,,0,,0,unknown
27,30.213599300857016,78.67540434370771,2217,38,41.53888888888889,41.27747680446126,0.9148054032365922,1.0,53.371673130934866,0.0236532564283608,77.49125424184795,HIGH / PERSISTENT,4.311664411366712,67.99,323.8477807848444,367.0,,1,WILDFIRE,,0,,0,,0,,0,unknown
28,30.31543986149585,79.20288282548476,361,29,40.482638888888886,18.71737436106201,0.7163564628184236,1.0,8.917402864739687,0.0507166918722609,68.92161576556941,MEDIUM / RECURRENT,3.956204986149584,35.86,320.79083102493075,367.0,,1,WILDFIRE,,0,,0,,0,,0,unknown
29,30.34370916666667,78.10061916666666,12,4,7.495138888888889,2.3933258191491076,0.5336792365422033,1.0,1.60103770962661,0.2946961339099334,52.77477137642901,MEDIUM / RECURRENT,1.9375,7.08,321.84083333333336,346.13,,1,WILDFIRE,,0,,0,,0,,0,unknown
30,30.44353,79.07148666666667,6,4,33.50416666666667,1.736041459513298,0.1193881358040044,1.0,0.1790822037060067,0.3654915376091872,36.84657991273592,LOW / TRANSIENT,1.9683333333333335,4.78,316.5266666666667,336.57,,1,WILDFIRE,,0,,0,,0,,0,unknown
31,30.539886216216217,77.98278459459459,37,15,37.99236111111111,6.179899639164026,0.3948162093988192,1.0,0.973879983183754,0.1392777128172271,43.551881551670725,MEDIUM / RECURRENT,3.9186486486486496,10.84,329.8254054054055,367.0,,1,WILDFIRE,,0,,0,,0,,0,unknown
32,28.850961111111108,79.94370666666666,9,3,31.48402777777778,1.0948584046378131,0.0952864106579614,1.0,0.2858592319738844,0.4773592323882593,38.4539274847416,LOW / TRANSIENT,2.852222222222222,12.63,321.3822222222222,355.45,,1,WILDFIRE,,0,,0,,0,,0,unknown
33,29.561523599999997,79.6869068,25,6,30.027083333333337,3.758879140321772,0.1998196072989662,1.0,0.8325816970790259,0.2101335147444792,37.86151994451146,LOW / TRANSIENT,2.9184,12.08,320.1184,354.5,,1,WILDFIRE,,0,,0,,0,,0,unknown
34,29.627388888888888,79.69898777777777,9,5,17.458333333333332,2.3478089143956575,0.2863961813842482,1.0,0.5155131264916468,0.2987028308873832,42.02894921917964,MEDIUM / RECURRENT,3.604444444444444,8.16,324.28444444444443,346.94,,1,WILDFIRE,,0,,0,,0,,0,unknown
35,29.640711818181817,79.20651363636364,11,7,26.009722222222223,2.818998270375918,0.2691301329631014,1.0,0.4229187803705879,0.261848770070683,40.50236761586339,MEDIUM / RECURRENT,2.8609090909090913,6.34,325.3536363636364,350.47,,1,WILDFIRE,,0,,0,,0,,0,unknown
36,29.663219411764707,80.20793,17,8,26.99652777777778,3.764634291196947,0.2963344051446945,1.0,0.6297106109324758,0.2098796967161954,40.82871933625317,MEDIUM / RECURRENT,3.3517647058823528,10.71,323.3729411764706,367.0,,1,WILDFIRE,,0,,0,,0,,0,unknown
37,29.8440075,80.25340875,8,7,30.497222222222224,2.8150566432309008,0.229529101011021,1.0,0.262318972584024,0.262119306085353,38.80054260226085,LOW / TRANSIENT,3.12,7.76,319.0475,342.38,,1,WILDFIRE,,0,,0,,0,,0,unknown
38,29.86921052631579,79.33155368421053,19,10,30.027083333333337,3.545431626547999,0.3330326788316103,1.0,0.6327620897800597,0.22000110928067,42.32169012427988,MEDIUM / RECURRENT,2.7863157894736843,8.05,320.5710526315789,342.16,,1,WILDFIRE,,0,,0,,0,,0,unknown
39,29.90222,79.055575,4,3,40.50555555555555,1.2847704551972925,0.0740639144150322,1.0,0.0987518858867096,0.4376807296878535,36.54335537005662,LOW / TRANSIENT,6.24,12.81,326.1325,354.36,,1,WILDFIRE,,0,,0,,0,,0,unknown
40,29.95233166666667,79.672275,6,4,33.50486111111111,1.9539291479974084,0.1193856612846394,1.0,0.1790784919269591,0.3385321549360592,36.30729822753749,LOW / TRANSIENT,1.415,3.99,306.35999999999996,330.74,,1,WILDFIRE,,0,,0,,0,,0,unknown
41,30.34704177777778,78.23822311111111,45,13,41.022222222222226,5.574849948929021,0.3169014084507042,1.0,1.096966413867822,0.1520947257758924,41.32737663902814,MEDIUM / RECURRENT,2.3884444444444446,8.54,317.1791111111112,348.27,,1,WILDFIRE,,0,,0,,0,,0,unknown
42,29.028445,80.086525,8,5,26.009722222222223,1.6275323976431777,0.1922358092593581,1.0,0.307577294814973,0.3805852216691873,39.95511234709123,LOW / TRANSIENT,10.08,29.95,339.26125,349.0,,1,WILDFIRE,,0,,0,,0,,0,unknown
43,29.0318225,79.84344999999999,4,2,5.004861111111111,0.9918791470468408,0.3996114888303038,0.7149801587301587,0.7992229776606077,0.5020384903785953,43.50012184020772,MEDIUM / RECURRENT,4.0475,5.82,338.0,346.57,,1,WILDFIRE,,0,,0,,0,,0,unknown
44,29.315156,77.99382599999998,5,3,26.99652777777778,1.0705214145165165,0.1111254019292604,1.0,0.185209003215434,0.4829701315760156,38.919209705475296,LOW / TRANSIENT,2.23,4.49,326.05600000000004,343.07,,1,WILDFIRE,,0,,0,,0,,0,unknown
45,29.513254999999997,80.73223,4,3,27.513194444444444,0.8265387173796614,0.1090385925944622,1.0,0.1453847901259496,0.5474836040894837,40.056792402847755,MEDIUM / RECURRENT,4.695,5.81,334.19,346.5,,1,WILDFIRE,,0,,0,,0,,0,unknown
46,29.735484615384618,80.80038384615385,13,5,30.54375,3.560053404321868,0.1636996112134233,1.0,0.4256189891549007,0.219295677338391,35.96663791754744,LOW / TRANSIENT,17.353846153846153,39.46,334.7830769230769,367.0,,1,WILDFIRE,,0,,0,,0,,0,unknown
47,30.010050833333334,79.51834083333334,12,8,30.497222222222224,3.364192029225179,0.262318972584024,1.0,0.393478458876036,0.2291374882918569,39.550870724030055,LOW / TRANSIENT,5.079166666666667,14.34,327.36749999999995,352.49,,1,WILDFIRE,,0,,0,,0,,0,unknown
48,30.43144375,78.56561375,8,3,29.44097222222222,2.1569704458069734,0.101898808821795,1.0,0.2717301568581201,0.3167593796540542,35.44510621556015,LOW / TRANSIENT,3.4287499999999995,12.12,310.17375000000004,341.59,,1,WILDFIRE,,0,,0,,0,,0,unknown
49,30.43756666666667,78.71526333333334,3,2,3.501388888888889,1.0415548852849157,0.5712019040063466,0.5001984126984127,0.85680285600952,0.4898227361937623,44.00708739357674,MEDIUM / RECURRENT,6.456666666666667,17.53,314.2266666666667,342.93,,1,WILDFIRE,,0,,0,,0,,0,unknown
50,30.574143333333335,79.54518666666667,3,2,1.0,0.2895479150325508,1.0,0.1428571428571428,3.0,0.7754655630417253,60.08073983226308,MEDIUM / RECURRENT,3.9333333333333336,5.53,322.5733333333333,338.89,,1,WILDFIRE,,0,,0,,0,,0,unknown
51,28.703573999999996,80.05991999999999,5,1,1.0,0.8573757629799453,1.0,0.1428571428571428,5.0,0.5383940180179886,59.33930893178834,MEDIUM / RECURRENT,0.844,1.1,305.43999999999994,313.55,,1,WILDFIRE,,0,,0,,0,,0,unknown
52,28.76496088050314,80.4537683018868,159,23,33.456944444444446,8.782247220697084,0.6874507036406659,1.0,4.752376603428951,0.1022259995519454,60.61004782532011,MEDIUM / RECURRENT,4.296981132075472,53.48,331.726037735849,367.0,,1,WILDFIRE,,0,,0,,0,,0,unknown
53,28.720824,79.955604,5,1,1.0,0.4970266434022536,1.0,0.1428571428571428,5.0,0.6679907832016442,61.93124423546145,MEDIUM / RECURRENT,0.962,1.21,305.07000000000005,311.25,,1,WILDFIRE,,0,,0,,0,,0,unknown
54,29.00749475,79.803499,40,15,39.44861111111111,4.490103493099346,0.380241523782699,1.0,1.013977396753864,0.1821459288075217,43.97932670205263,MEDIUM / RECURRENT,3.4379999999999997,22.21,322.21574999999996,367.0,,1,WILDFIRE,,0,,0,,0,,0,unknown
55,29.296773333333338,79.30995333333333,3,3,4.017361111111111,0.9282582722587172,0.7467588591184098,0.5739087301587301,0.7467588591184098,0.5186027278537864,52.34985059842514,MEDIUM / RECURRENT,1.97,2.99,317.33,334.0,,1,WILDFIRE,,0,,0,,0,,0,unknown
56,29.3457325,80.98047249999999,4,2,1.9736111111111112,0.3341250637876531,1.0,0.2819444444444444,2.0267417311752287,0.749554915909417,61.09319289164992,MEDIUM / RECURRENT,0.925,1.68,301.7475,305.98,,1,WILDFIRE,,0,,0,,0,,0,unknown
57,29.75647571428571,78.37029,7,6,35.50069444444444,1.213195607675695,0.1690107783494063,1.0,0.1971792414076407,0.4518353445722781,40.346442616490066,MEDIUM / RECURRENT,3.5471428571428567,8.32,326.42,338.68,,1,WILDFIRE,,0,,0,,0,,0,unknown
58,29.337024000000003,79.02278,5,3,24.03611111111111,2.415601137273702,0.1248122038599329,1.0,0.2080203397665549,0.2927742320633462,35.639952455897685,LOW / TRANSIENT,4.454,12.29,324.64,342.14,,1,WILDFIRE,,0,,0,,0,,0,unknown
59,29.37304076923077,78.94240999999998,13,5,10.99652777777778,3.3697969425452916,0.4546889801073571,1.0,1.1821913482791284,0.2288435854453059,47.85536870922187,MEDIUM / RECURRENT,5.325384615384615,7.95,338.3992307692307,350.4,,1,WILDFIRE,,0,,0,,0,,0,unknown
60,29.40556666666667,78.01849333333332,6,3,26.009722222222223,0.7251879207172774,0.1153414855556148,1.0,0.2306829711112297,0.5796469984465416,41.09125790559981,MEDIUM / RECURRENT,5.375,9.04,344.83833333333337,367.0,,1,WILDFIRE,,0,,0,,0,,0,unknown
61,29.559227000000003,80.237303,10,6,29.040277777777774,3.3187237551190027,0.2066095939547563,1.0,0.3443493232579272,0.2315498875830378,37.55103218659308,LOW / TRANSIENT,1.9579999999999995,6.2,308.82399999999996,345.17,,1,WILDFIRE,,0,,0,,0,,0,unknown
62,29.581825,77.92776,4,2,16.988194444444446,1.3313605209274846,0.117728814945019,1.0,0.235457629890038,0.4289340884961757,38.17010555277926,LOW / TRANSIENT,12.9525,17.1,349.76,367.0,,1,WILDFIRE,,0,,0,,0,,0,unknown
63,29.63011846153846,80.59280307692308,13,8,31.01388888888889,3.058244676055501,0.25794894760412,1.0,0.419167039856695,0.2464119538923344,39.79478632370428,LOW / TRANSIENT,2.3407692307692307,4.49,325.1761538461539,343.56,,1,WILDFIRE,,0,,0,,0,,0,unknown
64,29.658810000000003,79.71557,6,5,29.556944444444444,2.1506354197576227,0.1691649828485503,1.0,0.2029979794182604,0.317396292103175,37.674696200599286,LOW / TRANSIENT,3.8250000000000006,7.19,328.78000000000003,345.94,,1,WILDFIRE,,0,,0,,0,,0,unknown
65,29.73671333333333,79.81068333333333,3,2,24.552777777777777,1.029383984774883,0.0814571784138477,1.0,0.1221857676207715,0.4927603684183645,37.95058014809351,LOW / TRANSIENT,2.4233333333333333,4.31,319.03000000000003,340.91,,1,WILDFIRE,,0,,0,,0,,0,unknown
66,29.771123333333335,78.52044333333332,12,2,29.040277777777774,0.8790087802837732,0.0688698646515854,1.0,0.4132191879095127,0.5321954907783758,38.88079345419203,LOW / TRANSIENT,2.964166666666667,6.15,317.0108333333333,338.98,,1,WILDFIRE,,0,,0,,0,,0,unknown
67,29.942014799999995,79.249722,25,12,38.509027777777774,6.664766229257212,0.3116152417362451,1.0,0.649198420283844,0.1304671232089109,39.81427276551449,LOW / TRANSIENT,3.3844000000000007,10.0,324.87879999999996,353.83,,1,WILDFIRE,,0,,0,,0,,0,unknown
68,29.928006250000003,79.704990625,16,6,30.027083333333337,2.552533018013425,0.1998196072989662,1.0,0.5328522861305766,0.2814892908607503,38.68917664493998,LOW / TRANSIENT,2.306875,7.62,309.974375,341.78,,1,WILDFIRE,,0,,0,,0,,0,unknown
69,30.0403025,77.995285,4,2,12.053472222222222,1.1577155654469635,0.1659272915826467,1.0,0.3318545831652935,0.4634531149581123,40.74022667088548,MEDIUM / RECURRENT,12.955,25.3,346.505,355.69,,1,WILDFIRE,,0,,0,,0,,0,unknown
70,30.096035,79.60361250000001,4,2,25.539583333333333,0.9717379252508368,0.0783098131984664,1.0,0.1566196263969328,0.5071667929056971,38.19741857285413,LOW / TRANSIENT,4.284999999999999,5.12,334.7125,340.54,,1,WILDFIRE,,0,,0,,0,,0,unknown
71,30.250658333333337,79.06259,6,4,31.01388888888889,1.3592137025915882,0.12897447380206,1.0,0.19346171070309,0.42387003725076,38.37843074949348,LOW / TRANSIENT,3.696666666666667,4.54,334.48499999999996,341.25,,1,WILDFIRE,,0,,0,,0,,0,unknown
72,30.39758642857143,79.37542625000002,56,12,31.01388888888889,7.646811362864101,0.38692342140618,1.0,1.80564263322884,0.1156495681511858,44.4665963786977,MEDIUM / RECURRENT,4.239642857142857,20.41,318.30285714285714,367.0,,1,WILDFIRE,,0,,0,,0,,0,unknown
73,30.488259999999997,78.6906675,4,3,31.013194444444444,1.2726739940552316,0.0967330213394836,1.0,0.1289773617859781,0.4400103149927176,37.44381677030824,LOW / TRANSIENT,4.0375,7.66,334.1325,340.2,,1,WILDFIRE,,0,,0,,0,,0,unknown
74,30.75851,78.40387666666668,12,6,30.02638888888889,2.6372971176322153,0.1998242286877284,1.0,0.3996484573754568,0.2749294235965451,38.291733390752306,LOW / TRANSIENT,4.3625,18.75,318.2416666666666,341.48,,1,WILDFIRE,,0,,0,,0,,0,unknown
75,28.77160333333333,79.99552666666666,6,4,24.505555555555556,1.0956834460888631,0.1632282929041033,1.0,0.244842439356155,0.4771713026918652,40.74610118419323,MEDIUM / RECURRENT,9.096666666666666,25.61,338.4533333333333,353.14,,1,WILDFIRE,,0,,0,,0,,0,unknown
76,28.845710909090908,79.98931909090908,11,3,23.04861111111111,1.5945752602515784,0.1301596866526062,1.0,0.4772521843928894,0.3854195387275206,38.218484176177405,LOW / TRANSIENT,3.709999999999999,5.24,324.06999999999994,367.0,,1,WILDFIRE,,0,,0,,0,,0,unknown
77,29.156353333333332,80.84388666666666,3,3,26.009722222222223,0.2383138483227224,0.1153414855556148,1.0,0.1153414855556148,0.807549718800678,45.41862934157131,MEDIUM / RECURRENT,0.7666666666666666,0.9,300.0466666666667,300.61,,1,WILDFIRE,,0,,0,,0,,0,unknown
78,29.31128222222222,79.37388,9,5,29.509722222222223,1.7080089612216318,0.1694356850378877,1.0,0.3049842330681978,0.3692749966192438,38.92571737484734,LOW / TRANSIENT,2.318888888888889,7.6,313.2655555555555,339.0,,1,WILDFIRE,,0,,0,,0,,0,unknown
79,29.627856538461536,80.44829769230768,26,11,26.009027777777774,4.403417339243828,0.4229300723573545,1.0,0.9996528982992016,0.1850680665987468,45.50321966108075,MEDIUM / RECURRENT,3.2657692307692305,13.61,320.11961538461543,346.43,,1,WILDFIRE,,0,,0,,0,,0,unknown
80,29.720048181818186,80.61969727272727,11,7,29.509722222222223,2.8287574976422887,0.2372099590530428,1.0,0.3727585070833529,0.2611813364037263,39.27149230909773,LOW / TRANSIENT,3.928181818181818,6.78,331.7063636363637,342.67,,1,WILDFIRE,,0,,0,,0,,0,unknown
81,29.765654,79.913977,10,6,29.509722222222223,1.660334718894009,0.2033228220454652,1.0,0.3388713700757754,0.3758925494968294,40.31189250167942,MEDIUM / RECURRENT,2.8069999999999995,7.37,322.023,354.46,,1,WILDFIRE,,0,,0,,0,,0,unknown
82,30.524858333333334,78.35166666666667,12,6,29.039583333333333,3.1379584763916264,0.206614534758591,1.0,0.413229069517182,0.2416650639935899,37.89126813545685,LOW / TRANSIENT,3.478333333333334,10.97,324.05750000000006,367.0,,1,WILDFIRE,,0,,0,,0,,0,unknown
83,29.387146666666663,78.87485333333335,3,1,1.0,0.1907186286529437,1.0,0.1428571428571428,3.0,0.8398289704523199,61.36800798047497,MEDIUM / RECURRENT,4.286666666666666,4.7,350.45666666666665,367.0,,1,WILDFIRE,,0,,0,,0,,0,unknown
84,30.708638571428573,78.29446214285714,14,9,36.018055555555556,3.7170953495971593,0.2498746770524042,1.0,0.3886939420815177,0.2119948667320028,38.76289891563724,LOW / TRANSIENT,2.6314285714285712,9.05,317.2607142857143,350.57,,1,WILDFIRE,,0,,0,,0,,0,unknown
85,30.83074666666667,77.9876,3,1,1.0,0.1910798096366075,1.0,0.1428571428571428,3.0,0.8395743021662797,61.36291461475416,MEDIUM / RECURRENT,4.71,4.86,338.39000000000004,347.74,,1,WILDFIRE,,0,,0,,0,,0,unknown
86,30.522906666666668,78.53927666666668,3,2,9.939583333333331,0.7167331959669838,0.2012156780549151,1.0,0.3018235170823726,0.5825016970308716,44.2962297067042,MEDIUM / RECURRENT,3.91,6.3,326.97,339.45,,1,WILDFIRE,,0,,0,,0,,0,unknown
87,28.773169999999997,77.56720333333334,3,3,34.044444444444444,0.2657199954912282,0.0881201044386423,1.0,0.0881201044386423,0.7900641560236221,44.06172698470221,MEDIUM / RECURRENT,0.6900000000000001,0.81,305.2366666666667,308.37,,1,WILDFIRE,,0,,0,,0,,0,unknown
88,29.32398055555555,81.08681777777778,18,10,28.522916666666667,3.390883218378678,0.3505952815718355,1.0,0.6310715068293039,0.2277446131599117,43.08787013187108,MEDIUM / RECURRENT,5.37388888888889,51.13,317.26,347.06,,1,WILDFIRE,,0,,0,,0,,0,unknown
89,29.667025,80.85549,4,2,28.052777777777777,0.8775770758584311,0.0712941875433211,1.0,0.1425883750866422,0.5326013045524635,38.432499405238794,LOW / TRANSIENT,2.1025,4.21,307.0575,319.67,,1,WILDFIRE,,0,,0,,0,,0,unknown
90,29.671328333333335,80.34770944444443,18,10,24.505555555555556,4.949320527630967,0.4080707322602584,1.0,0.7345273180684652,0.1680864218620613,44.113258702487194,MEDIUM / RECURRENT,7.957777777777776,46.71,329.2738888888889,367.0,,1,WILDFIRE,,0,,0,,0,,0,unknown
91,28.85018333333333,77.51400333333333,3,1,1.0,0.2609397039380132,1.0,0.1428571428571428,3.0,0.7930593325572364,60.432615222573304,MEDIUM / RECURRENT,3.783333333333333,4.75,347.56666666666666,367.0,,1,WILDFIRE,,0,,0,,0,,0,unknown
92,29.08285769230769,80.90423384615384,13,5,23.965972222222224,2.96465658903136,0.2086291327402857,1.0,0.5424357451247428,0.2522286552551879,38.431464241263235,LOW / TRANSIENT,7.302307692307693,17.91,332.5976923076923,367.0,,1,WILDFIRE,,0,,0,,0,,0,unknown
93,29.4633675,78.591611875,16,9,32.9875,4.578505337559794,0.2728306176582039,1.0,0.4850322091701402,0.179259486096939,39.1043257583162,LOW / TRANSIENT,3.0875,6.61,337.56000000000006,345.48,,1,WILDFIRE,,0,,0,,0,,0,unknown
94,30.597163571428577,78.5192864285714,28,7,27.98263888888889,3.652524341839267,0.2501551060925673,1.0,1.0006204243702692,0.2149370807170615,40.05541117632162,MEDIUM / RECURRENT,3.6260714285714286,10.56,323.55321428571426,351.33,,1,WILDFIRE,,0,,0,,0,,0,unknown
95,30.627935454545455,78.02891000000001,11,8,34.96180555555556,3.0061966451538686,0.228821134174198,1.0,0.3146290594895223,0.2496133087250369,38.63026398957671,LOW / TRANSIENT,6.036363636363635,20.27,332.39090909090913,367.0,,1,WILDFIRE,,0,,0,,0,,0,unknown
96,29.62384,80.25602333333333,3,2,26.995833333333337,1.1511446746917726,0.0740855070226886,1.0,0.111128260534033,0.4648687797547997,37.11262486195817,LOW / TRANSIENT,1.1733333333333331,1.42,298.93333333333334,300.99,,1,WILDFIRE,,0,,0,,0,,0,unknown
97,29.67915,79.39441476190476,21,14,28.45277777777778,5.032318414109129,0.4920433466757785,1.0,0.7380650200136678,0.1657737425897606,47.01312202547479,MEDIUM / RECURRENT,2.9476190476190474,11.83,319.28285714285715,347.82,,1,WILDFIRE,,0,,0,,0,,0,unknown
98,29.42952411764706,80.74271999999999,17,8,22.979166666666668,2.324756594632504,0.3481414324569356,1.0,0.7398005439709882,0.3007738977386804,44.68002917870833,MEDIUM / RECURRENT,4.855882352941176,13.32,324.11882352941177,355.01,,1,WILDFIRE,,0,,0,,0,,0,unknown
99,29.522179,80.680427,10,4,22.979166666666668,2.4689003024722496,0.1740707162284678,1.0,0.4351767905711695,0.2882757971704491,37.7283445925477,LOW / TRANSIENT,5.732,15.98,334.47799999999995,345.35,,1,WILDFIRE,,0,,0,,0,,0,unknown
100,30.26841166666667,79.26124833333334,12,8,27.98263888888889,3.1211894896969103,0.2858915498200769,1.0,0.4288373247301154,0.2426483913200371,40.71684671956367,MEDIUM / RECURRENT,3.8125,8.2,324.06,348.82,,1,WILDFIRE,,0,,0,,0,,0,unknown
101,30.500186923076924,78.74067538461539,13,5,27.98263888888889,1.8334711912719728,0.178682218637548,1.0,0.464573768457625,0.3529240046909001,39.24150528304743,LOW / TRANSIENT,3.886923076923077,8.54,323.2246153846154,346.86,,1,WILDFIRE,,0,,0,,0,,0,unknown
102,29.084881428571432,80.85345142857145,7,3,26.99652777777778,1.651335233602861,0.1111254019292604,1.0,0.2592926045016077,0.3771684498157988,36.95134327284331,LOW / TRANSIENT,5.048571428571428,13.35,318.28428571428566,340.31,,1,WILDFIRE,,0,,0,,0,,0,unknown
103,29.359654,80.119766,5,4,22.979166666666668,1.811137919587928,0.1740707162284678,1.0,0.2175883952855847,0.3557278328580141,38.64220851572782,LOW / TRANSIENT,3.012,5.84,323.38399999999996,340.52,,1,WILDFIRE,,0,,0,,0,,0,unknown
104,29.596355999999997,80.575262,5,5,16.9875,1.574402769175193,0.2943340691685062,1.0,0.2943340691685062,0.388439607031804,43.65915269987081,MEDIUM / RECURRENT,3.186,5.81,319.438,336.25,,1,WILDFIRE,,0,,0,,0,,0,unknown
105,29.775233333333333,80.28978541666666,24,10,25.022222222222226,3.79150804975153,0.3996447602131439,1.0,0.9591474245115452,0.2087025607839386,45.079912672161896,MEDIUM / RECURRENT,3.1775,10.85,316.49,350.13,,1,WILDFIRE,,0,,0,,0,,0,unknown
106,29.970236666666665,78.80478333333333,3,2,25.022222222222226,0.3635490303247806,0.0799289520426287,1.0,0.1198934280639431,0.7333803022556602,42.704906222733094,MEDIUM / RECURRENT,1.586666666666667,3.1,314.8,335.91,,1,WILDFIRE,,0,,0,,0,,0,unknown
107,30.2698,79.49580166666668,6,4,9.49236111111111,0.9106204121864953,0.4213914697490672,1.0,0.6320872046236009,0.5233902001788047,51.480679854040645,MEDIUM / RECURRENT,3.356666666666667,5.77,316.18499999999995,353.63,,1,WILDFIRE,,0,,0,,0,,0,unknown
108,30.492693333333335,77.95445666666667,6,5,27.98263888888889,2.595993763963083,0.178682218637548,1.0,0.2144186623650577,0.2780872453176662,37.244459883397624,LOW / TRANSIENT,2.1266666666666665,5.19,310.27166666666665,334.83,,1,WILDFIRE,,0,,0,,0,,0,unknown
109,30.728598333333338,78.36506,24,6,25.492361111111112,3.3532597764034,0.2353646244790105,1.0,0.9414584979160424,0.2297129166103166,39.71493718480379,LOW / TRANSIENT,6.17125,25.69,327.18125000000003,367.0,,1,WILDFIRE,,0,,0,,0,,0,unknown
110,29.37816192307692,79.21987230769231,26,5,15.530555555555557,2.799164237984606,0.3219459846181363,1.0,1.6741191200143088,0.2632157857251477,44.880663416166335,MEDIUM / RECURRENT,3.254615384615385,9.56,318.2161538461539,354.14,,1,WILDFIRE,,0,,0,,0,,0,unknown
111,29.3573475,78.83610499999999,4,3,21.00486111111111,1.5443481916801975,0.1428240817271134,1.0,0.1904321089694845,0.3930279681334163,38.24026644105627,LOW / TRANSIENT,10.765,26.87,345.62,351.91,,1,WILDFIRE,,0,,0,,0,,0,unknown
112,29.538563333333332,78.03958333333334,3,3,4.018055555555556,1.721391737216508,0.7466297960594538,0.5740079365079366,0.7466297960594538,0.3674590417558993,49.324681702016186,MEDIUM / RECURRENT,6.419999999999999,11.07,344.57666666666665,354.7,,1,WILDFIRE,,0,,0,,0,,0,unknown
113,29.69638,78.465714,5,5,31.483333333333334,2.6316276745941827,0.1588141874007411,1.0,0.1588141874007411,0.2753586241771729,36.38329741737088,LOW / TRANSIENT,2.614,4.26,325.756,341.77,,1,WILDFIRE,,0,,0,,0,,0,unknown
114,29.74363,78.32760999999999,4,3,14.027083333333334,0.9539270540594904,0.213871973860092,1.0,0.2851626318134561,0.5117898326462056,43.29164100165425,MEDIUM / RECURRENT,3.5275000000000003,7.49,337.2475,345.46,,1,WILDFIRE,,0,,0,,0,,0,unknown
115,29.814343333333337,80.46388333333333,3,3,18.490972222222226,1.1158729591018708,0.1622413339843016,1.0,0.1622413339843016,0.4726181672194876,40.45529270180891,MEDIUM / RECURRENT,4.496666666666667,8.09,328.39000000000004,353.62,,1,WILDFIRE,,0,,0,,0,,0,unknown
116,29.416198,80.301756,5,5,21.992361111111112,1.7010141962682304,0.2273516688244024,1.0,0.2273516688244024,0.3702313010355954,40.8166377672148,MEDIUM / RECURRENT,1.258,2.65,314.004,341.15,,1,WILDFIRE,,0,,0,,0,,0,unknown
117,29.595975,79.6971,4,2,1.0,0.4065539888221539,1.0,0.1428571428571428,4.0,0.7109574235663705,60.79057704275599,MEDIUM / RECURRENT,3.325,4.15,331.585,341.33,,1,WILDFIRE,,0,,0,,0,,0,unknown
118,29.701446875,80.28107187500001,16,9,25.492361111111112,4.829483589026625,0.3530469367185159,1.0,0.6276389986106949,0.1715417814851374,42.042756412072194,MEDIUM / RECURRENT,2.1687499999999997,6.27,314.67499999999995,344.68,,1,WILDFIRE,,0,,0,,0,,0,unknown
119,30.323173333333333,78.12755416666666,12,6,26.009027777777774,2.3508234987180963,0.2306891303767388,1.0,0.4613782607534777,0.2984341014626893,39.96555811394661,LOW / TRANSIENT,3.6558333333333337,9.87,321.6875,347.45,,1,WILDFIRE,,0,,0,,0,,0,unknown
120,30.5278175,78.73325750000001,4,2,15.484027777777778,0.8005551069192681,0.1291653585684172,1.0,0.2583307171368345,0.5553842790799055,41.145134565766384,MEDIUM / RECURRENT,1.75,4.54,306.815,332.86,,1,WILDFIRE,,0,,0,,0,,0,unknown
121,29.276135416666666,81.03186875,24,10,23.565277777777776,3.171992844272484,0.4243531561265987,1.0,1.0184475747038368,0.2396936038308044,46.683127690454725,MEDIUM / RECURRENT,2.146666666666667,9.23,314.3541666666667,355.75,,1,WILDFIRE,,0,,0,,0,,0,unknown
122,29.834771,79.11306499999999,10,6,25.538888888888888,3.102621201240614,0.2349358277137263,1.0,0.3915597128562106,0.24374660758288,38.88080554735044,LOW / TRANSIENT,2.974,10.26,321.312,354.19,,1,WILDFIRE,,0,,0,,0,,0,unknown
123,29.641165,80.51517,8,7,25.492361111111112,2.8014964092540193,0.274592061892179,1.0,0.3138194993053474,0.2630543060794929,40.49944728642682,MEDIUM / RECURRENT,1.3425,3.29,309.81375,338.92,,1,WILDFIRE,,0,,0,,0,,0,unknown
124,29.800402272727272,80.82228272727274,22,3,1.5270833333333331,1.71447648939778,1.0,0.2181547619047619,14.406548431105048,0.3683951597686724,67.8217722429925,MEDIUM / RECURRENT,3.6340909090909097,11.03,321.5236363636364,346.21,,1,WILDFIRE,,0,,0,,0,,0,unknown
125,29.31463666666667,79.11003,3,2,15.01388888888889,0.2913431273273213,0.1332099907493062,1.0,0.1998149861239593,0.7743875185750893,45.54973001997542,MEDIUM / RECURRENT,9.536666666666669,20.0,335.48333333333335,343.96,,1,WILDFIRE,,0,,0,,0,,0,unknown
126,29.4292775,79.1284675,4,2,22.57847222222222,0.7539141777277818,0.0885799526343308,1.0,0.1771599052686617,0.5701533248881726,39.85768465050236,LOW / TRANSIENT,2.06,3.49,317.895,337.44,,1,WILDFIRE,,0,,0,,0,,0,unknown
127,29.7009125,80.55893875,8,7,24.035416666666663,2.85191625758211,0.2912368900060674,1.0,0.3328421600069342,0.2596110437322204,41.05119634487064,MEDIUM / RECURRENT,3.1,7.69,329.33500000000004,345.99,,1,WILDFIRE,,0,,0,,0,,0,unknown
128,29.968468,79.79743399999998,5,4,21.590972222222224,0.9903029005892744,0.1852626161911807,1.0,0.2315782702389759,0.5024360863383796,41.99606983393686,MEDIUM / RECURRENT,3.844,7.45,329.98999999999995,355.73,,1,WILDFIRE,,0,,0,,0,,0,unknown
129,29.517038000000003,79.712024,5,3,21.475,1.4464524989220406,0.139697322467986,1.0,0.2328288707799767,0.4087551262248589,38.53016655243665,LOW / TRANSIENT,2.39,4.3,326.59,334.58,,1,WILDFIRE,,0,,0,,0,,0,unknown
130,28.757598428571427,79.79625057142854,70,17,26.009027777777774,9.018469482842145,0.6536192027340934,1.0,2.69137318772862,0.0998156456645022,55.255731384440544,MEDIUM / RECURRENT,5.5699999999999985,34.17,331.4792857142857,367.0,,1,WILDFIRE,,0,,0,,0,,0,unknown
131,29.50726,80.91178333333333,3,3,4.534722222222222,1.6214437557269763,0.6615620214395099,0.6478174603174603,0.6615620214395099,0.3814691800330772,48.30261490185992,MEDIUM / RECURRENT,2.91,5.04,322.18666666666667,339.88,,1,WILDFIRE,,0,,0,,0,,0,unknown
132,29.958363464566933,79.93384039370078,127,17,20.534027777777776,9.964831844677825,0.8278940782576347,1.0,6.184855761101153,0.0912006690267107,68.17001764175373,MEDIUM / RECURRENT,2.900787401574803,15.44,317.43519685039365,367.0,,1,WILDFIRE,,0,,0,,0,,0,unknown
133,30.19873972222222,79.37989888888889,36,9,21.520833333333332,6.315998745459808,0.4181994191674734,1.0,1.6727976766698935,0.136686737490296,45.71630977400727,MEDIUM / RECURRENT,3.7574999999999994,11.75,322.06083333333333,354.57,,1,WILDFIRE,,0,,0,,0,,0,unknown
134,30.602412,78.32293699999998,30,7,20.01736111111111,5.273200504283294,0.3496964440589766,1.0,1.4986990459670426,0.1594082636633736,43.424938907265734,MEDIUM / RECURRENT,3.4320000000000004,8.05,320.53866666666664,367.0,,1,WILDFIRE,,0,,0,,0,,0,unknown
135,29.204880000000003,78.87585399999999,5,4,21.00486111111111,0.2202935832444446,0.1904321089694845,1.0,0.2380401362118557,0.8194749310581958,48.53070270751959,MEDIUM / RECURRENT,0.6060000000000001,0.74,304.256,306.29,,1,WILDFIRE,,0,,0,,0,,0,unknown
136,29.572328181818182,80.46974000000002,11,7,19.500694444444445,4.025254224068152,0.35896157544247,1.0,0.56408247569531,0.1989949076029945,42.671718243936965,MEDIUM / RECURRENT,2.399090909090909,8.34,315.84,346.67,,1,WILDFIRE,,0,,0,,0,,0,unknown
137,30.067798333333332,79.56662666666668,6,2,1.0,0.6310756923292864,1.0,0.1428571428571428,6.0,0.6130923320743824,62.83327521291622,MEDIUM / RECURRENT,5.79,15.85,321.44,347.14,,1,WILDFIRE,,0,,0,,0,,0,unknown
138,30.29386322580645,77.81828903225808,31,5,28.052083333333332,4.503132954316218,0.1782398811734125,1.0,1.1050872632751578,0.181714672042528,37.082863808470314,LOW / TRANSIENT,1.8306451612903225,3.87,312.17,332.71,,1,WILDFIRE,,0,,0,,0,,0,unknown
139,29.48972,80.81948666666666,6,2,4.534722222222222,1.4625934518398886,0.4410413476263399,0.6478174603174603,1.32312404287902,0.4060759599814843,42.399650960246134,MEDIUM / RECURRENT,4.823333333333333,8.33,325.47499999999997,343.78,,1,WILDFIRE,,0,,0,,0,,0,unknown
140,29.703406,78.342078,5,3,19.030555555555555,1.2630263622540396,0.157641220259816,1.0,0.2627353670996935,0.4418861470990426,39.88063638527379,LOW / TRANSIENT,3.3340000000000005,4.46,336.604,340.3,,1,WILDFIRE,,0,,0,,0,,0,unknown
141,29.988417272727272,80.08588,11,4,18.560416666666665,3.5162463979910235,0.2155124031877876,1.0,0.592659108766416,0.221422817064373,38.15670867039286,LOW / TRANSIENT,5.507272727272728,15.35,323.4281818181819,367.0,,1,WILDFIRE,,0,,0,,0,,0,unknown
142,30.36810363636364,78.17721045454545,44,12,28.56875,7.113649573987114,0.4200393786917523,1.0,1.5401443885364252,0.1232490990498363,45.246649012280905,MEDIUM / RECURRENT,4.022500000000001,35.54,319.6486363636364,351.76,,1,WILDFIRE,,0,,0,,0,,0,unknown
143,29.2427775,78.95458500000001,4,3,23.51736111111111,1.1824917817773009,0.1275653329396131,1.0,0.1700871105861509,0.458191874237279,38.96879835880434,LOW / TRANSIENT,3.1975,6.69,322.55,346.51,,1,WILDFIRE,,0,,0,,0,,0,unknown
144,28.854824,79.484546,5,4,21.991666666666667,1.1425880684730114,0.1818870784388025,1.0,0.2273588480485032,0.4667252724471131,41.155270890397354,MEDIUM / RECURRENT,5.444,7.33,345.616,367.0,,1,WILDFIRE,,0,,0,,0,,0,unknown
145,28.86450736,79.72791896000001,125,18,26.008333333333333,9.828691884764147,0.6920858699134893,1.0,4.806151874399231,0.0923472576966557,60.68225434970369,MEDIUM / RECURRENT,6.666320000000002,23.27,340.02135999999996,367.0,,1,WILDFIRE,,0,,0,,0,,0,unknown
146,28.953636,79.45651400000001,5,2,26.995833333333337,1.355947618926482,0.0740855070226886,1.0,0.1852137675567217,0.4244576543071288,36.45257336705012,LOW / TRANSIENT,4.254,6.91,346.214,367.0,,1,WILDFIRE,,0,,0,,0,,0,unknown
147,29.940939545454544,79.17945136363637,22,10,19.030555555555555,3.084314298513217,0.525470734199387,1.0,1.1560356152386513,0.2448391399173229,50.600329725802304,MEDIUM / RECURRENT,6.135454545454545,15.25,335.2031818181818,367.0,,1,WILDFIRE,,0,,0,,0,,0,unknown
148,28.708376842105263,79.63644105263157,19,7,18.960416666666667,4.199092676938192,0.369190198879244,1.0,1.0020876826722338,0.1923412530104987,43.772657386327985,MEDIUM / RECURRENT,10.604210526315793,103.52,333.7036842105263,367.0,,1,WILDFIRE,,0,,0,,0,,0,unknown
149,29.48086,80.002295,4,3,27.513194444444444,1.6885922989651283,0.1090385925944622,1.0,0.1453847901259496,0.3719418523905287,36.545957368868656,LOW / TRANSIENT,4.245000000000001,10.56,319.9575,344.59,,1,WILDFIRE,,0,,0,,0,,0,unknown
150,29.821391666666667,80.19571416666668,12,6,14.026388888888889,3.627501224415828,0.4277651252599267,1.0,0.8555302505198534,0.2160993485477119,46.00482685609138,MEDIUM / RECURRENT,1.9783333333333335,4.67,310.595,342.15,,1,WILDFIRE,,0,,0,,0,,0,unknown
151,29.8220358,78.440537,50,10,15.930555555555555,5.1038487703401065,0.6277244986922407,1.0,3.1386224934612033,0.1638310576859655,56.524223594870136,MEDIUM / RECURRENT,3.0438,13.16,322.52,349.79,,1,WILDFIRE,,0,,0,,0,,0,unknown
152,30.49793461538462,78.42316384615384,13,7,17.456944444444446,3.1611402938700635,0.4009865542207017,1.0,0.7446893149813032,0.2403187418297668,45.33028286428251,MEDIUM / RECURRENT,2.441538461538461,7.58,318.5576923076923,336.94,,1,WILDFIRE,,0,,0,,0,,0,unknown
153,29.471881000000003,80.9549025,20,5,13.55625,2.351349489075168,0.3688335638543107,1.0,1.4753342554172428,0.298387262581784,46.82758849737104,MEDIUM / RECURRENT,4.273,12.42,327.6315,355.33,,1,WILDFIRE,,0,,0,,0,,0,unknown
154,28.84444272727273,79.89440454545455,11,6,16.986805555555556,2.3908963974957556,0.353215322349863,1.0,0.6475614243080823,0.294907270165647,44.55580453417431,MEDIUM / RECURRENT,4.332727272727272,11.19,330.70272727272726,367.0,,1,WILDFIRE,,0,,0,,0,,0,unknown
155,28.929977058823532,79.41086352941177,17,10,22.977777777777774,4.563366110089068,0.4352030947775628,1.0,0.7398452611218569,0.1797472933133984,45.30674470572638,MEDIUM / RECURRENT,6.128235294117647,16.53,337.9288235294118,351.68,,1,WILDFIRE,,0,,0,,0,,0,unknown
156,29.040665,79.2718275,4,4,24.952083333333334,1.639455511192722,0.1603072555731819,1.0,0.1603072555731819,0.3788660182978868,38.50868882216547,LOW / TRANSIENT,6.5425,15.1,338.4475,344.03,,1,WILDFIRE,,0,,0,,0,,0,unknown
157,29.41448,79.75059666666665,3,2,2.490972222222222,0.4220219347835596,0.802899358795651,0.3558531746031746,1.2043490381934765,0.7032240330049523,53.47098565941314,MEDIUM / RECURRENT,16.529999999999998,25.77,337.55333333333334,367.0,,1,WILDFIRE,,0,,0,,0,,0,unknown
158,30.112149583333338,78.36304249999999,24,5,17.97361111111111,2.448022718113947,0.2781856116219766,1.0,1.335290935785488,0.2900212909696243,43.20750409773264,MEDIUM / RECURRENT,4.689166666666666,37.72,327.815,349.84,,1,WILDFIRE,,0,,0,,0,,0,unknown
159,28.724622083333333,80.64037291666666,24,10,18.960416666666667,5.407309513668015,0.5274145698274915,1.0,1.2657949675859794,0.1560717486593723,49.1125348523216,MEDIUM / RECURRENT,4.2595833333333335,11.02,324.9820833333333,355.93,,1,WILDFIRE,,0,,0,,0,,0,unknown
160,29.036046666666664,79.07756333333333,3,2,10.995833333333334,0.5153048250532918,0.1818870784388025,1.0,0.2728306176582039,0.6599332249633871,45.11037347994224,MEDIUM / RECURRENT,4.156666666666666,5.02,338.0266666666667,340.61,,1,WILDFIRE,,0,,0,,0,,0,unknown
161,29.23796,79.02620666666667,3,3,17.97361111111111,1.8365396066951771,0.1669113669731859,1.0,0.1669113669731859,0.3525422305543231,38.226565189094345,LOW / TRANSIENT,6.923333333333333,12.26,336.92333333333335,342.12,,1,WILDFIRE,,0,,0,,0,,0,unknown
162,29.25856727272727,79.09500818181819,11,4,18.044444444444444,3.720239472712209,0.2216748768472906,1.0,0.6096059113300493,0.211853658226668,38.21490567684863,LOW / TRANSIENT,13.529090909090906,32.11,343.59727272727275,367.0,,1,WILDFIRE,,0,,0,,0,,0,unknown
163,29.432203333333337,80.09951833333332,6,5,16.586805555555557,2.423891018548553,0.301444421184844,1.0,0.3617333054218128,0.2920653708259433,42.11532876883203,MEDIUM / RECURRENT,1.6666666666666667,4.23,312.8883333333333,336.58,,1,WILDFIRE,,0,,0,,0,,0,unknown
164,29.596235000000004,80.2477,4,2,10.995833333333334,0.3847129557804157,0.1818870784388025,1.0,0.3637741568776051,0.7221713322068299,46.537022703249896,MEDIUM / RECURRENT,8.985000000000001,11.88,340.49,346.92,,1,WILDFIRE,,0,,0,,0,,0,unknown
165,29.78162888888889,80.17574333333333,9,6,15.529861111111112,3.246119362852852,0.386352457183741,1.0,0.5795286857756115,0.2355091589625326,44.39157655223281,MEDIUM / RECURRENT,2.07,5.09,316.77666666666664,343.76,,1,WILDFIRE,,0,,0,,0,,0,unknown
166,29.788236,80.516762,5,2,10.995833333333334,0.824416049562273,0.1818870784388025,1.0,0.4547176960970064,0.548120589182455,43.2378949212012,MEDIUM / RECURRENT,4.932,7.25,332.444,345.98,,1,WILDFIRE,,0,,0,,0,,0,unknown
167,29.829849999999997,80.37349,3,2,5.521527777777778,0.2406425416538266,0.3622185888567475,0.7887896825396826,0.5433278832851214,0.8060339432395729,49.60472730483993,MEDIUM / RECURRENT,2.46,3.72,327.62333333333333,340.51,,1,WILDFIRE,,0,,0,,0,,0,unknown
168,29.871893333333333,79.17927666666667,3,3,5.991666666666666,1.169363902538288,0.5006954102920723,0.8559523809523809,0.5006954102920723,0.4609646167846432,49.143832040309064,MEDIUM / RECURRENT,3.0533333333333332,6.11,332.83666666666664,336.23,,1,WILDFIRE,,0,,0,,0,,0,unknown
169,30.01895,80.34977666666667,3,1,1.0,0.2774328401388924,1.0,0.1428571428571428,3.0,0.7828200188522414,60.2278289484734,MEDIUM / RECURRENT,14.123333333333331,21.38,327.8666666666666,343.09,,1,WILDFIRE,,0,,0,,0,,0,unknown
170,28.77512,80.6060125,4,2,1.0,0.3603729480488015,1.0,0.1428571428571428,4.0,0.7350925357890359,61.27327928720929,MEDIUM / RECURRENT,1.08,1.79,307.2925,313.51,,1,WILDFIRE,,0,,0,,0,,0,unknown
171,28.807593076923084,79.64468461538462,13,6,21.990972222222226,2.8372399002795192,0.2728392332712287,1.0,0.5911516720876623,0.2606039825467144,40.943756159602614,MEDIUM / RECURRENT,5.496153846153846,12.43,340.3215384615384,355.06,,1,WILDFIRE,,0,,0,,0,,0,unknown
172,29.05140909090909,79.16741636363636,11,7,16.986805555555556,3.9256548094979538,0.4120845427415069,1.0,0.6475614243080823,0.2030186926765022,44.778455698098945,MEDIUM / RECURRENT,7.0672727272727265,18.17,342.0272727272727,350.46,,1,WILDFIRE,,0,,0,,0,,0,unknown
173,29.608253333333337,80.72815333333334,3,3,14.026388888888889,0.8374907961253737,0.2138825626299633,1.0,0.2138825626299633,0.5442204130266398,43.79806307784144,MEDIUM / RECURRENT,1.89,2.78,320.8966666666667,331.57,,1,WILDFIRE,,0,,0,,0,,0,unknown
174,28.754882424242425,80.19548484848485,33,7,13.509027777777778,2.865516111893951,0.5181720043181001,1.0,2.4428108774996145,0.2586976670264192,53.19559524666112,MEDIUM / RECURRENT,12.20939393939394,58.58,338.8569696969697,367.0,,1,WILDFIRE,,0,,0,,0,,0,unknown
175,28.877304285714285,79.82106714285715,7,3,13.509027777777778,1.823742509594664,0.2220737161363286,1.0,0.5181720043181001,0.3541399389647414,40.89172285270253,MEDIUM / RECURRENT,4.732857142857142,7.0,336.9357142857143,348.8,,1,WILDFIRE,,0,,0,,0,,0,unknown
176,29.767084,79.959444,5,2,10.008333333333333,0.6764132464477286,0.1998334721065778,1.0,0.4995836802664447,0.5965116310784176,44.92357150583147,MEDIUM / RECURRENT,1.42,3.88,309.028,337.63,,1,WILDFIRE,,0,,0,,0,,0,unknown
177,29.94746333333333,79.52915333333334,6,3,12.969444444444443,1.0265346152294152,0.2313129149710859,1.0,0.4626258299421718,0.4934532045418796,43.89026777470995,MEDIUM / RECURRENT,1.8083333333333331,5.83,307.18666666666667,331.25,,1,WILDFIRE,,0,,0,,0,,0,unknown
178,29.131935,79.16493625000001,8,3,11.981944444444444,1.748239513947183,0.2503767242378579,1.0,0.6676712646342877,0.3638693043037364,42.37591396366832,MEDIUM / RECURRENT,6.91625,16.06,342.98249999999996,367.0,,1,WILDFIRE,,0,,0,,0,,0,unknown
179,29.143863333333332,79.03372333333333,3,3,20.016666666666666,0.670061243319714,0.1498751040799334,1.0,0.1498751040799334,0.5987804363462864,42.52098757788326,MEDIUM / RECURRENT,8.303333333333333,19.31,338.08666666666664,342.27,,1,WILDFIRE,,0,,0,,0,,0,unknown
180,29.50772666666667,81.08311111111111,9,5,7.447916666666667,2.2510937177419734,0.6713286713286714,1.0,1.2083916083916084,0.3075887952853428,57.065062618993565,MEDIUM / RECURRENT,6.185555555555556,12.28,326.7433333333333,350.54,,1,WILDFIRE,,0,,0,,0,,0,unknown
181,29.523138333333332,80.27766666666668,6,4,12.052083333333334,0.8105548725717374,0.3318928262748487,1.0,0.4978392394122731,0.5523168698994392,48.65826479643304,MEDIUM / RECURRENT,3.1583333333333328,9.79,321.8866666666667,345.91,,1,WILDFIRE,,0,,0,,0,,0,unknown
182,30.438460000000006,79.01647799999998,15,4,15.0125,1.0984734453058969,0.2664446294754371,1.0,0.9991673605328892,0.4765368855331066,45.85463446336821,MEDIUM / RECURRENT,4.818666666666666,8.27,332.25866666666667,347.41,,1,WILDFIRE,,0,,0,,0,,0,unknown
183,28.890470000000004,78.95148333333334,3,2,7.564583333333333,0.0961848856710405,0.2643899752134398,1.0,0.3965849628201597,0.9122548696589992,53.2919164512907,MEDIUM / RECURRENT,4.463333333333334,7.38,329.40333333333336,342.87,,1,WILDFIRE,,0,,0,,0,,0,unknown
184,28.905737999999996,78.077968,5,3,19.02986111111111,1.661074935993067,0.157646972959165,1.0,0.2627449549319418,0.3757879894602882,38.55889375264043,LOW / TRANSIENT,3.736,4.81,338.49999999999994,342.08,,1,WILDFIRE,,0,,0,,0,,0,unknown
185,28.920342,78.047008,5,1,1.0,0.5953139027648232,1.0,0.1428571428571428,5.0,0.6268358836884136,61.108146245196835,MEDIUM / RECURRENT,12.59,16.38,353.57000000000005,367.0,,1,WILDFIRE,,0,,0,,0,,0,unknown
186,28.897953333333337,79.15304416666666,12,6,21.990972222222226,3.449830444837426,0.2728392332712287,1.0,0.5456784665424574,0.2247276637608008,40.135283372793936,MEDIUM / RECURRENT,4.0583333333333345,7.03,340.5025,367.0,,1,WILDFIRE,,0,,0,,0,,0,unknown
187,29.281113333333337,78.87508000000001,3,2,12.052083333333334,1.3558191130201078,0.1659464131374243,1.0,0.2489196197061365,0.4244808077467468,39.79557985415706,LOW / TRANSIENT,8.383333333333333,11.85,340.1766666666667,342.57,,1,WILDFIRE,,0,,0,,0,,0,unknown
188,29.467923333333335,80.38827666666667,6,2,8.551388888888889,0.980832133329926,0.2338801364300795,1.0,0.7016404092902387,0.5048383369664575,44.68585233296241,MEDIUM / RECURRENT,8.133333333333333,37.84,319.1066666666666,352.37,,1,WILDFIRE,,0,,0,,0,,0,unknown
189,28.9871475,79.10821375,8,3,18.513194444444444,1.9945603175250648,0.1620465883941633,1.0,0.4321242357177688,0.3339388404193097,38.214655873617446,LOW / TRANSIENT,4.945,14.33,327.5725,355.55,,1,WILDFIRE,,0,,0,,0,,0,unknown
190,29.022103333333337,79.71730333333333,6,5,7.518055555555556,1.898787270466975,0.6650655828560872,1.0,0.7980786994273046,0.3449718474301519,56.772889747420706,MEDIUM / RECURRENT,11.976666666666668,59.63,320.6716666666667,340.62,,1,WILDFIRE,,0,,0,,0,,0,unknown
191,29.674265,80.4579,4,4,12.522222222222222,1.689511271579913,0.3194321206743567,1.0,0.3194321206743567,0.3718147644767315,44.25528375448583,MEDIUM / RECURRENT,4.1775,7.9,330.465,345.05,,1,WILDFIRE,,0,,0,,0,,0,unknown
192,29.339001666666665,79.22747833333334,6,2,1.0,0.6505631908601578,1.0,0.1428571428571428,6.0,0.605853811315682,62.688504797742205,MEDIUM / RECURRENT,9.616666666666667,20.26,337.72666666666663,367.0,,1,WILDFIRE,,0,,0,,0,,0,unknown
193,28.7254125,79.5197175,4,4,7.047916666666667,1.6435982042436543,0.5675436003547147,1.0,0.5675436003547147,0.3782723102151994,53.564559417428434,MEDIUM / RECURRENT,9.9325,26.7,334.96000000000004,355.49,,1,WILDFIRE,,0,,0,,0,,0,unknown
194,28.94440333333333,79.18101,3,2,19.02986111111111,0.2806384053013315,0.1050979819727767,1.0,0.157646972959165,0.7808605425703301,44.610934166372125,MEDIUM / RECURRENT,2.3133333333333335,2.79,336.2,338.03,,1,WILDFIRE,,0,,0,,0,,0,unknown
195,29.1304,79.5414,3,1,1.0,0.4848828204595655,1.0,0.1428571428571428,3.0,0.6734538148205552,58.04050486783967,MEDIUM / RECURRENT,5.5200000000000005,8.31,342.09,351.24,,1,WILDFIRE,,0,,0,,0,,0,unknown
196,29.13416666666667,79.57175666666667,3,2,8.034722222222221,0.6447835731993391,0.2489196197061365,1.0,0.3733794295592049,0.607982725687646,46.618600062586104,MEDIUM / RECURRENT,4.553333333333334,6.27,337.76666666666665,346.95,,1,WILDFIRE,,0,,0,,0,,0,unknown
197,29.180714,78.647816,5,2,15.013194444444444,1.454686146794565,0.1332161524584856,1.0,0.333040381146214,0.4073840565344139,38.4763272290277,LOW / TRANSIENT,11.95,14.36,347.422,367.0,,1,WILDFIRE,,0,,0,,0,,0,unknown
198,29.327905,79.3295625,4,2,13.03888888888889,0.811271078914255,0.1533873029399233,1.0,0.3067746058798466,0.5520984747349017,42.02407430935505,MEDIUM / RECURRENT,4.7325,6.29,337.77500000000003,339.93,,1,WILDFIRE,,0,,0,,0,,0,unknown
199,30.77325,78.21134333333333,3,2,1.05625,0.4810090596558043,1.0,0.1508928571428571,2.840236686390533,0.6752153158552631,57.95710111845776,MEDIUM / RECURRENT,7.533333333333334,7.94,345.23,349.66,,1,WILDFIRE,,0,,0,,0,,0,unknown
200,29.02071777777778,79.76020666666666,9,3,9.938888888888888,0.5563684526162352,0.3018446059250978,1.0,0.9055338177752936,0.6425213761683571,50.22605636629616,MEDIUM / RECURRENT,2.6822222222222223,6.89,321.12777777777774,345.34,,1,WILDFIRE,,0,,0,,0,,0,unknown
201,29.165105,79.22932999999999,4,2,17.97361111111111,1.5324112846000204,0.1112742446487906,1.0,0.2225484892975813,0.394880565444149,37.23730685018582,LOW / TRANSIENT,2.03,3.94,334.4875,337.16,,1,WILDFIRE,,0,,0,,0,,0,unknown
202,29.272103333333337,79.25122,3,1,1.0,0.2567982961677389,1.0,0.1428571428571428,3.0,0.7956726254715853,60.48488108086027,MEDIUM / RECURRENT,3.066666666666667,3.76,337.65000000000003,345.92,,1,WILDFIRE,,0,,0,,0,,0,unknown
203,30.2956929032258,77.71919612903226,31,6,20.533333333333335,3.372653228689212,0.2922077922077922,1.0,1.5097402597402596,0.2286941012012904,42.820635270779064,MEDIUM / RECURRENT,2.9374193548387084,8.19,322.3741935483871,346.64,,1,WILDFIRE,,0,,0,,0,,0,unknown
204,30.467325999999996,77.93821399999999,5,2,7.964583333333334,1.0708370376836898,0.2511116923881768,1.0,0.6277792309704421,0.4828965204903511,44.7023981053341,MEDIUM / RECURRENT,7.528,25.18,338.45400000000006,349.18,,1,WILDFIRE,,0,,0,,0,,0,unknown
205,30.679323333333333,78.29724333333333,3,2,1.9736111111111112,0.8155896031688523,1.0,0.2819444444444444,1.5200562983814214,0.5507852646075098,56.10442900002415,MEDIUM / RECURRENT,4.13,5.42,342.99,347.02,,1,WILDFIRE,,0,,0,,0,,0,unknown
206,29.08461615384615,79.48701769230769,13,4,13.438888888888888,3.0878362368327257,0.2976436544026457,1.0,0.9673418768085986,0.2446281949823911,42.24477555735761,MEDIUM / RECURRENT,2.977692307692308,8.01,321.63076923076926,346.05,,1,WILDFIRE,,0,,0,,0,,0,unknown
207,29.69681181818182,80.49152727272728,11,5,12.452083333333333,2.5338322207873567,0.4015392337292957,1.0,0.8833863142044505,0.2829789128407445,46.480224065749134,MEDIUM / RECURRENT,4.875454545454546,11.96,326.51090909090914,346.86,,1,WILDFIRE,,0,,0,,0,,0,unknown
208,29.846863333333335,80.51579444444445,9,4,10.409027777777778,1.216695517795631,0.384281806658216,1.0,0.864634064980986,0.4511219479500005,49.20157032199954,MEDIUM / RECURRENT,3.3688888888888893,8.39,318.2255555555555,349.2,,1,WILDFIRE,,0,,0,,0,,0,unknown
209,28.74052176470588,80.79372000000001,17,8,13.486805555555556,2.9431902177976377,0.5931723392204314,1.0,1.260491220843417,0.2536017652626768,53.35404961965546,MEDIUM / RECURRENT,5.1252941176470594,14.17,325.4452941176471,348.21,,1,WILDFIRE,,0,,0,,0,,0,unknown
210,28.725597142857143,80.70004571428571,14,4,6.978472222222222,2.356349785783385,0.5731913623246094,0.9969246031746032,2.0061697681361332,0.297942724633689,54.956006789672465,MEDIUM / RECURRENT,9.215,21.41,342.7514285714286,353.53,,1,WILDFIRE,,0,,0,,0,,0,unknown
211,28.752427692307684,79.93273307692306,13,7,30.027083333333337,3.334291843841482,0.2331228751821272,1.0,0.4329424824810934,0.2307181971193015,38.63954953872267,LOW / TRANSIENT,11.221538461538463,29.91,343.09153846153845,367.0,,1,WILDFIRE,,0,,0,,0,,0,unknown
212,28.883000000000003,79.06787,11,4,16.986805555555556,2.936969383117076,0.2354768815665753,1.0,0.6475614243080823,0.2540024833030972,39.616863369508245,LOW / TRANSIENT,7.635454545454545,24.87,339.9409090909091,355.01,,1,WILDFIRE,,0,,0,,0,,0,unknown
213,29.065389999999997,79.22393444444444,9,3,9.022222222222222,2.2174909697204264,0.3325123152709359,1.0,0.997536945812808,0.3108011830991686,44.84902858809174,MEDIUM / RECURRENT,7.898888888888889,19.41,340.1722222222222,367.0,,1,WILDFIRE,,0,,0,,0,,0,unknown
214,29.25444333333333,78.08217666666667,6,3,16.98611111111111,1.5783804908775074,0.1766148814390842,1.0,0.3532297628781684,0.3878403530968647,39.644787438061584,LOW / TRANSIENT,4.7,12.98,329.49333333333334,346.8,,1,WILDFIRE,,0,,0,,0,,0,unknown
215,29.313211111111116,78.02502,9,4,15.999305555555557,1.8506949484264728,0.2500108511654151,1.0,0.5625244151221841,0.3507916554003718,41.89126172904133,MEDIUM / RECURRENT,7.014444444444445,13.14,339.3066666666667,346.08,,1,WILDFIRE,,0,,0,,0,,0,unknown
216,29.3582075,79.1314825,4,3,10.008333333333333,0.8125915416080385,0.2997502081598668,1.0,0.3996669442131557,0.5516962741163689,47.324516656349026,MEDIUM / RECURRENT,8.945,12.95,345.93499999999995,349.38,,1,WILDFIRE,,0,,0,,0,,0,unknown
217,29.3995925,80.3284725,4,3,3.9472222222222224,0.7481840038114409,0.7600281491907107,0.5638888888888889,1.0133708655876144,0.5720221657558766,54.16539249018986,MEDIUM / RECURRENT,3.8075,5.23,335.59000000000003,342.4,,1,WILDFIRE,,0,,0,,0,,0,unknown
218,29.638621875,80.66063062500001,16,7,10.995138888888889,3.4306306834093596,0.636644981999621,1.0,1.4551885302848482,0.2257015019880877,54.70698147031818,MEDIUM / RECURRENT,2.645,7.48,322.98749999999995,341.34,,1,WILDFIRE,,0,,0,,0,,0,unknown
219,29.6395,78.980656,5,4,6.977777777777778,1.447514670850539,0.5732484076433121,0.9968253968253968,0.7165605095541401,0.4085777347567394,54.58900490239391,MEDIUM / RECURRENT,5.156000000000001,6.63,341.702,349.51,,1,WILDFIRE,,0,,0,,0,,0,unknown
220,29.98296696969697,78.68840575757575,33,10,10.995138888888889,5.0962952236578065,0.90949283142803,1.0,3.0013263437124995,0.1640340507328638,66.11558280206333,MEDIUM / RECURRENT,6.310909090909091,22.85,333.4166666666667,367.0,,1,WILDFIRE,,0,,0,,0,,0,unknown
221,29.970857142857145,80.14938,7,4,7.4944444444444445,2.632328119271456,0.5337286879169756,1.0,0.9340252038547072,0.2753055250417663,51.05466498563889,MEDIUM / RECURRENT,3.5599999999999996,9.14,324.3357142857143,339.6,,1,WILDFIRE,,0,,0,,0,,0,unknown
222,29.976545,79.55607499999999,4,3,6.977777777777778,0.4293014424001802,0.4299363057324841,0.9968253968253968,0.5732484076433121,0.6996424759221763,55.107751955002016,MEDIUM / RECURRENT,6.645,10.95,328.97,348.57,,1,WILDFIRE,,0,,0,,0,,0,unknown
223,29.897886666666665,79.33489333333334,3,2,5.990972222222222,0.8354513701747159,0.3338356323171438,0.8558531746031746,0.5007534484757158,0.544825112912041,44.97858565137165,MEDIUM / RECURRENT,0.7766666666666667,1.08,301.00333333333333,301.31,,1,WILDFIRE,,0,,0,,0,,0,unknown
224,29.953061111111115,79.02253999999999,18,9,19.5,4.8867928595906225,0.4615384615384615,1.0,0.9230769230769232,0.169871783134143,46.39743566268286,MEDIUM / RECURRENT,2.4261111111111107,6.83,317.7894444444444,345.12,,1,WILDFIRE,,0,,0,,0,,0,unknown
225,30.16202,79.34062999999999,6,3,25.538888888888888,2.0200450139199417,0.1174679138568631,1.0,0.2349358277137263,0.3311208923677682,36.20366648777303,LOW / TRANSIENT,3.3633333333333337,5.71,320.9166666666667,336.97,,1,WILDFIRE,,0,,0,,0,,0,unknown
226,30.6208175,78.38154999999999,4,3,6.977777777777778,1.2805288749140955,0.4299363057324841,0.9968253968253968,0.5732484076433121,0.438494776803766,49.88479797263381,MEDIUM / RECURRENT,0.605,0.73,297.735,299.54,,1,WILDFIRE,,0,,0,,0,,0,unknown
227,28.8816475,79.19594000000001,4,3,7.964583333333334,1.9216252375911136,0.3766675385822652,1.0,0.5022233847763536,0.3422752470554718,46.03331556104143,MEDIUM / RECURRENT,5.01,6.95,342.13,355.52,,1,WILDFIRE,,0,,0,,0,,0,unknown
228,28.96983,79.19133333333333,3,2,8.952083333333333,0.9979957069949468,0.2234116825692343,1.0,0.3351175238538516,0.5005015759038011,43.49967545570693,MEDIUM / RECURRENT,3.7,4.68,338.50666666666666,343.83,,1,WILDFIRE,,0,,0,,0,,0,unknown
229,29.38197,80.893765,4,1,1.0,0.2987444684276832,1.0,0.1428571428571428,4.0,0.7699744055200047,61.970916681828655,MEDIUM / RECURRENT,4.77,5.12,342.40500000000003,345.8,,1,WILDFIRE,,0,,0,,0,,0,unknown
230,29.688802000000003,78.393174,5,3,19.02986111111111,2.191592127859593,0.157646972959165,1.0,0.2627449549319418,0.3133232443052299,37.30959884953926,LOW / TRANSIENT,6.572,19.4,341.05,347.04,,1,WILDFIRE,,0,,0,,0,,0,unknown
231,29.862985555555554,79.22508333333333,9,3,5.990972222222222,2.275111296561055,0.5007534484757158,0.8558531746031746,1.5022603454271473,0.3053331351059806,48.03388345470332,MEDIUM / RECURRENT,6.423333333333334,14.51,337.7055555555555,354.63,,1,WILDFIRE,,0,,0,,0,,0,unknown
232,30.475620000000003,78.35180666666666,3,3,11.511805555555556,1.0031459180624935,0.2606020389696567,1.0,0.2606020389696567,0.4992147556415819,44.626570554708934,MEDIUM / RECURRENT,2.8533333333333335,5.51,323.68,337.49,,1,WILDFIRE,,0,,0,,0,,0,unknown
233,30.478115000000003,78.1959325,8,3,10.995138888888889,1.772238412903084,0.272847849428409,1.0,0.7275942651424241,0.3607193361673397,43.21924998362597,MEDIUM / RECURRENT,7.76,27.65,330.63,354.15,,1,WILDFIRE,,0,,0,,0,,0,unknown
234,30.747056000000004,77.646086,5,2,17.50347222222222,0.4726259124044323,0.1142630430470144,1.0,0.2856576076175362,0.6790590818595935,43.15170335907245,MEDIUM / RECURRENT,3.6020000000000003,4.88,323.724,340.13,,1,WILDFIRE,,0,,0,,0,,0,unknown
235,30.753866666666667,78.31693,3,3,6.507638888888889,1.4070174295650388,0.4609966919218867,0.9296626984126984,0.4609966919218867,0.4154519147710141,48.607483356847546,MEDIUM / RECURRENT,3.16,6.69,319.29,342.93,,1,WILDFIRE,,0,,0,,0,,0,unknown
236,29.44223,80.77485333333334,3,2,5.991666666666666,0.2782863977495881,0.3337969401947149,0.8559523809523809,0.5006954102920723,0.7822973018882867,49.72903928897443,MEDIUM / RECURRENT,1.0066666666666666,1.44,299.58666666666664,301.88,,1,WILDFIRE,,0,,0,,0,,0,unknown
237,28.957356666666666,78.05204666666667,3,3,2.9611111111111112,1.3148139862698869,1.0,0.423015873015873,1.0131332082551594,0.4320001546264239,56.241666334435614,MEDIUM / RECURRENT,4.173333333333333,6.8,339.22333333333336,341.29,,1,WILDFIRE,,0,,0,,0,,0,unknown
238,28.98541999999999,78.11756666666668,3,3,10.008333333333333,1.408764166841268,0.2997502081598668,1.0,0.2997502081598668,0.4151506460308024,44.393770622531115,MEDIUM / RECURRENT,3.6633333333333336,7.19,338.8433333333333,348.17,,1,WILDFIRE,,0,,0,,0,,0,unknown
239,29.10167176470588,79.24108176470588,17,8,8.034722222222221,3.239651937820164,0.9956784788245464,1.0,2.115816767502161,0.2358684190745513,68.79774867535447,MEDIUM / RECURRENT,7.947647058823528,39.07,336.7270588235294,367.0,,1,WILDFIRE,,0,,0,,0,,0,unknown
240,29.261148750000004,79.36543625000002,8,4,6.977777777777778,1.3081894105057277,0.5732484076433121,0.9968253968253968,1.1464968152866242,0.4332400085749022,55.94212299022213,MEDIUM / RECURRENT,4.706250000000001,11.66,338.1925,367.0,,1,WILDFIRE,,0,,0,,0,,0,unknown
241,29.637107142857143,78.63543285714286,7,1,1.0,0.8625572678473233,1.0,0.1428571428571428,7.0,0.5368962432794155,63.30935343701688,MEDIUM / RECURRENT,2.437142857142857,5.93,323.5957142857143,351.22,,1,WILDFIRE,,0,,0,,0,,0,unknown
242,29.088953333333336,79.33874666666667,3,2,14.025694444444444,0.5120507878290204,0.1425954349655889,1.0,0.2138931524483834,0.6613534466231685,43.645695461155746,MEDIUM / RECURRENT,6.486666666666667,7.78,342.80333333333334,345.44,,1,WILDFIRE,,0,,0,,0,,0,unknown
243,29.1975375,78.123315,4,3,17.05625,1.122227749925331,0.1758886038842066,1.0,0.2345181385122755,0.4712029611502272,41.04919663597633,MEDIUM / RECURRENT,3.4749999999999996,3.93,335.9625,338.27,,1,WILDFIRE,,0,,0,,0,,0,unknown
244,29.6298025,80.39694750000001,4,1,1.0,0.3481005784766222,1.0,0.1428571428571428,4.0,0.7417844157666766,61.407116886762104,MEDIUM / RECURRENT,1.7075,4.75,316.4225,332.92,,1,WILDFIRE,,0,,0,,0,,0,unknown
245,28.809918333333332,79.22621333333332,6,2,7.047916666666667,0.4422382704834509,0.2837718001773573,1.0,0.8513154005320721,0.6933667067819461,50.50197794291057,MEDIUM / RECURRENT,3.0666666666666664,6.69,323.83166666666665,346.84,,1,WILDFIRE,,0,,0,,0,,0,unknown
246,28.83336294117647,79.34630235294118,17,9,16.0,3.931340125830911,0.5625,1.0,1.0625,0.2027846334836829,50.86819266967366,MEDIUM / RECURRENT,4.882941176470588,10.96,341.2076470588235,367.0,,1,WILDFIRE,,0,,0,,0,,0,unknown
247,28.9936,79.1611575,4,3,7.965277777777778,1.5974784002588218,0.3766346992153443,1.0,0.5021795989537925,0.3849887644495355,46.886348959435345,MEDIUM / RECURRENT,2.6525,2.98,336.0875,339.36,,1,WILDFIRE,,0,,0,,0,,0,unknown
248,29.14051333333333,79.33671,3,2,8.034722222222221,1.0204615961178132,0.2489196197061365,1.0,0.3733794295592049,0.4949364055824846,44.357673660482874,MEDIUM / RECURRENT,3.2166666666666663,3.63,335.7766666666667,342.58,,1,WILDFIRE,,0,,0,,0,,0,unknown
249,29.983393333333336,80.34932666666667,3,2,1.0,0.0498095744862067,1.0,0.1428571428571428,3.0,0.9525537052654676,63.62250267673792,MEDIUM / RECURRENT,1.92,4.0,309.77666666666664,334.0,,1,WILDFIRE,,0,,0,,0,,0,unknown
250,29.549656666666664,80.57802,3,3,5.590277777777778,0.89556368745199,0.5366459627329193,0.798611111111111,0.5366459627329193,0.5275475609812912,50.37212961852161,MEDIUM / RECURRENT,1.7599999999999998,4.34,310.25666666666666,333.72,,1,WILDFIRE,,0,,0,,0,,0,unknown
251,28.96278222222222,79.71932,9,4,5.004166666666666,3.064361701160238,0.7993338884263115,0.7148809523809524,1.7985012489592007,0.2460410941561952,54.36653428548701,MEDIUM / RECURRENT,6.372222222222222,19.61,343.8244444444445,367.0,,1,WILDFIRE,,0,,0,,0,,0,unknown
252,29.691652499999996,80.6575675,4,1,1.0,0.5000932969274653,1.0,0.1428571428571428,4.0,0.6666252039444673,59.90393265031793,MEDIUM / RECURRENT,0.9075,1.63,302.74249999999995,305.21,,1,WILDFIRE,,0,,0,,0,,0,unknown
253,30.394556875,77.61245,16,3,5.990972222222222,1.4471711262718294,0.5007534484757158,0.8558531746031746,2.670685058537151,0.4086350926849408,52.43677203250253,MEDIUM / RECURRENT,2.6012500000000003,6.18,322.320625,347.79,,1,WILDFIRE,,0,,0,,0,,0,unknown
254,28.728203333333337,79.21939333333334,3,2,5.004166666666666,1.153484243382307,0.3996669442131557,0.7148809523809524,0.5995004163197336,0.4643637412593181,42.34664251481009,MEDIUM / RECURRENT,5.196666666666666,9.41,341.56,343.09,,1,WILDFIRE,,0,,0,,0,,0,unknown
255,28.766316666666665,79.15433666666667,3,2,8.952083333333333,0.7180724770013104,0.2234116825692343,1.0,0.3351175238538516,0.5820476221965794,45.13059638156249,MEDIUM / RECURRENT,6.62,8.47,338.37666666666667,339.77,,1,WILDFIRE,,0,,0,,0,,0,unknown
256,28.871553999999996,79.30276,10,5,12.96875,2.653685545684397,0.3855421686746988,1.0,0.7710843373493976,0.2736962410958338,45.51006940022993,MEDIUM / RECURRENT,5.898000000000001,11.1,339.193,350.83,,1,WILDFIRE,,0,,0,,0,,0,unknown
257,29.9916725,79.738495,4,2,1.0,0.77541782541918,1.0,0.1428571428571428,4.0,0.5632476962226611,57.836382495881786,MEDIUM / RECURRENT,5.5625,6.77,338.72,345.16,,1,WILDFIRE,,0,,0,,0,,0,unknown
258,30.24466,77.91108999999999,3,1,1.0,0.4480088033684573,1.0,0.1428571428571428,3.0,0.6906035361620257,58.383499294669086,MEDIUM / RECURRENT,2.513333333333333,3.1,331.33666666666664,333.49,,1,WILDFIRE,,0,,0,,0,,0,unknown
259,29.755702000000003,79.77542000000001,5,3,4.4875,1.418933732209298,0.6685236768802229,0.6410714285714285,1.1142061281337048,0.4134052895639537,49.92163245263999,MEDIUM / RECURRENT,2.932,8.55,325.784,353.17,,1,WILDFIRE,,0,,0,,0,,0,unknown
260,30.039823333333334,80.27333333333333,3,2,1.0,0.600325858075799,1.0,0.1428571428571428,3.0,0.6248727376075649,57.06888332357987,MEDIUM / RECURRENT,0.9033333333333332,1.29,296.2333333333333,297.63,,1,WILDFIRE,,0,,0,,0,,0,unknown
261,30.159472,79.18686199999999,5,4,5.4743055555555555,2.0739706874588,0.730686286946594,0.7820436507936508,0.9133578586832424,0.3253121456492102,53.45806994332275,MEDIUM / RECURRENT,2.33,5.27,318.818,340.07,,1,WILDFIRE,,0,,0,,0,,0,unknown
262,30.177528571428574,79.23661,14,4,5.991666666666666,3.430164274646848,0.6675938803894298,0.8559523809523809,2.336578581363004,0.2257252638966114,53.9522577780978,MEDIUM / RECURRENT,4.206428571428572,20.92,317.6392857142857,367.0,,1,WILDFIRE,,0,,0,,0,,0,unknown
263,30.423593333333333,78.42057,3,3,3.500694444444445,1.170383767058863,0.8569728228526086,0.5000992063492063,0.8569728228526086,0.4607480092588064,53.425434789452794,MEDIUM / RECURRENT,1.1900000000000002,2.52,311.99666666666667,333.97,,1,WILDFIRE,,0,,0,,0,,0,unknown
264,30.73172,78.54170500000001,4,2,1.0,0.7360250325681572,1.0,0.1428571428571428,4.0,0.5760285602107178,58.09199977564292,MEDIUM / RECURRENT,3.4974999999999996,9.12,320.83500000000004,342.61,,1,WILDFIRE,,0,,0,,0,,0,unknown
265,28.87773,79.86431,4,3,8.504166666666666,1.5877330427164096,0.3527682508574228,1.0,0.4703576678098971,0.3864386254272483,46.01637662417456,MEDIUM / RECURRENT,3.5725,7.37,328.3875,345.93,,1,WILDFIRE,,0,,0,,0,,0,unknown
266,28.922143333333327,79.10623,3,2,10.477777777777778,1.110486829761622,0.1908801696712619,1.0,0.2863202545068929,0.4738243261688344,41.72993297088464,MEDIUM / RECURRENT,2.4033333333333333,6.03,317.34666666666664,346.54,,1,WILDFIRE,,0,,0,,0,,0,unknown
267,28.95408,79.79121,5,4,5.004166666666666,1.5814226389337245,0.7993338884263115,0.7148809523809524,0.9991673605328892,0.3873832920335189,55.594710466180864,MEDIUM / RECURRENT,12.628000000000002,27.85,346.10200000000003,367.0,,1,WILDFIRE,,0,,0,,0,,0,unknown
268,29.482592857142865,81.01819642857143,14,3,3.030555555555555,2.3630861531284992,0.9899175068744273,0.4329365079365079,4.61961503208066,0.2973459359849445,60.65667422287786,MEDIUM / RECURRENT,3.898571428571429,9.2,321.00857142857143,345.97,,1,WILDFIRE,,0,,0,,0,,0,unknown
269,29.5871425,80.78339,4,2,2.490972222222222,1.1795116407818358,0.802899358795651,0.3558531746031746,1.605798717591302,0.4588183799015083,49.38577195613992,MEDIUM / RECURRENT,3.2224999999999997,7.42,317.0525,342.3,,1,WILDFIRE,,0,,0,,0,,0,unknown
270,30.05897333333333,79.41137,6,1,1.0,1.2906204308616178,1.0,0.1428571428571428,6.0,0.4365629444874241,59.30268746117705,MEDIUM / RECURRENT,3.5000000000000004,5.87,319.43,344.33,,1,WILDFIRE,,0,,0,,0,,0,unknown
271,30.410443333333333,79.06907666666667,3,1,1.0,0.4782609857719478,1.0,0.1428571428571428,3.0,0.676470535057651,58.10083927258158,MEDIUM / RECURRENT,2.6999999999999997,3.05,333.33,334.28,,1,WILDFIRE,,0,,0,,0,,0,unknown
272,30.441549999999996,78.92209,3,1,1.0,0.4574794484771035,1.0,0.1428571428571428,3.0,0.686116021083442,58.2937489930974,MEDIUM / RECURRENT,3.686666666666667,3.86,340.0566666666667,342.02,,1,WILDFIRE,,0,,0,,0,,0,unknown
273,30.53301923076923,78.48902076923076,13,4,4.017361111111111,2.3933128874809673,0.9956784788245464,0.5739087301587301,3.2359550561797756,0.294697256975425,61.562320264695416,MEDIUM / RECURRENT,4.274615384615385,19.82,317.0476923076923,355.03,,1,WILDFIRE,,0,,0,,0,,0,unknown
274,29.956442222222226,79.11601388888889,18,5,5.004861111111111,1.3461386672267672,0.9990287220757595,0.7149801587301587,3.5965033994727347,0.4262322657944346,68.55816135573971,MEDIUM / RECURRENT,2.245,10.97,308.46444444444444,349.15,,1,WILDFIRE,,0,,0,,0,,0,unknown
275,30.059313333333336,79.29302333333334,3,2,3.500694444444445,1.232726355804391,0.5713152152350723,0.5000992063492063,0.8569728228526086,0.4478829200901904,43.17011673946672,MEDIUM / RECURRENT,3.5399999999999996,6.8,326.16,345.22,,1,WILDFIRE,,0,,0,,0,,0,unknown
276,30.100171842105254,79.48444657894738,38,5,5.004861111111111,4.464810549512409,0.9990287220757595,0.7149801587301587,7.592618287775773,0.1829889601734178,71.68552501992546,HIGH / PERSISTENT,5.101578947368422,19.32,332.66447368421046,367.0,,1,WILDFIRE,,0,,0,,0,,0,unknown
277,30.236506923076924,78.04532307692307,13,4,12.052083333333334,1.3254659392241743,0.3318928262748487,1.0,1.0786516853932584,0.4300213488973404,47.373979268353025,MEDIUM / RECURRENT,2.5576923076923075,5.25,312.8738461538462,332.52,,1,WILDFIRE,,0,,0,,0,,0,unknown
278,30.422393333333332,78.05770333333332,3,2,7.4944444444444445,1.391007031117946,0.2668643439584878,1.0,0.4002965159377316,0.4182338182135907,43.50552143469435,MEDIUM / RECURRENT,1.74,2.59,316.17333333333335,335.01,,1,WILDFIRE,,0,,0,,0,,0,unknown
279,30.460185,78.4184825,4,2,1.457638888888889,0.7743260021407302,1.0,0.208234126984127,2.744163887565507,0.563594288080937,56.96606671135294,MEDIUM / RECURRENT,2.5525,5.92,318.91749999999996,337.03,,1,WILDFIRE,,0,,0,,0,,0,unknown
280,30.467340000000004,78.45486166666667,6,3,2.513888888888889,1.6563586624153592,1.0,0.3591269841269841,2.386740331491713,0.3764551881298761,56.280759028755554,MEDIUM / RECURRENT,4.453333333333333,19.07,327.37333333333333,367.0,,1,WILDFIRE,,0,,0,,0,,0,unknown
281,30.7863575,78.33954,4,1,1.0,0.7128125098237993,1.0,0.1428571428571428,4.0,0.5838350632451139,58.248129836330854,MEDIUM / RECURRENT,1.1375,1.49,305.13750000000005,306.41,,1,WILDFIRE,,0,,0,,0,,0,unknown
282,28.756777999999997,79.66436,5,3,11.464583333333334,1.2400935271932023,0.2616754497546792,1.0,0.4361257495911321,0.4464099323803601,43.959090888203235,MEDIUM / RECURRENT,3.5120000000000005,5.89,323.93999999999994,343.76,,1,WILDFIRE,,0,,0,,0,,0,unknown
283,29.347430000000003,81.02311666666667,3,2,3.029861111111111,1.115060244541881,0.6600962640385056,0.4328373015873015,0.9901443960577584,0.4727997713448577,45.3605860000429,MEDIUM / RECURRENT,1.14,1.46,301.42,303.32,,1,WILDFIRE,,0,,0,,0,,0,unknown
284,30.049263333333332,79.19256,3,2,1.0,0.5850438257044681,1.0,0.1428571428571428,3.0,0.6308973820049126,57.18937621152682,MEDIUM / RECURRENT,7.760000000000001,10.62,343.52,352.11,,1,WILDFIRE,,0,,0,,0,,0,unknown
285,28.715249999999997,78.15610666666667,3,2,5.004166666666666,0.3841917166332034,0.3996669442131557,0.7148809523809524,0.5995004163197336,0.7224432771728468,47.50823323308066,MEDIUM / RECURRENT,3.106666666666667,3.55,337.90000000000003,346.95,,1,WILDFIRE,,0,,0,,0,,0,unknown
286,28.8366525,79.59732,4,2,10.008333333333333,0.9393409733892166,0.1998334721065778,1.0,0.3996669442131557,0.5156390824107571,43.10628706037168,MEDIUM / RECURRENT,7.004999999999999,8.4,351.22249999999997,367.0,,1,WILDFIRE,,0,,0,,0,,0,unknown
287,28.873003333333333,79.566045,6,2,5.004166666666666,1.9997142336850584,0.3996669442131557,0.7148809523809524,1.1990008326394672,0.3333650881709255,40.925670285681704,MEDIUM / RECURRENT,5.596666666666668,9.88,340.47999999999996,353.12,,1,WILDFIRE,,0,,0,,0,,0,unknown
288,28.89099,79.39836666666667,3,2,5.991666666666666,1.1456620499985246,0.3337969401947149,0.8559523809523809,0.5006954102920723,0.4660566187488321,43.40422562618534,MEDIUM / RECURRENT,3.5233333333333334,3.86,341.3433333333333,343.84,,1,WILDFIRE,,0,,0,,0,,0,unknown
289,29.02521333333333,79.37299,3,1,1.0,0.2277451227998004,1.0,0.1428571428571428,3.0,0.8145013011491823,60.86145459441221,MEDIUM / RECURRENT,11.596666666666666,17.33,354.18,367.0,,1,WILDFIRE,,0,,0,,0,,0,unknown
290,29.255365,79.3047425,4,3,13.03888888888889,1.3229184090870187,0.2300809544098849,1.0,0.3067746058798466,0.4304929506297347,42.27624162870036,MEDIUM / RECURRENT,5.517499999999999,6.56,348.11750000000006,352.81,,1,WILDFIRE,,0,,0,,0,,0,unknown
291,30.383976666666666,79.25389,15,2,1.5729166666666667,1.4519010250035054,1.0,0.2247023809523809,9.536423841059602,0.4078468053165279,67.84734331225928,MEDIUM / RECURRENT,4.458666666666667,15.04,321.0833333333333,367.0,,1,WILDFIRE,,0,,0,,0,,0,unknown
292,28.893803333333334,79.344305,6,6,10.995138888888889,2.200644314283373,0.545695698856818,1.0,0.545695698856818,0.3124370913498087,51.43948268469845,MEDIUM / RECURRENT,11.615,34.12,338.06,349.6,,1,WILDFIRE,,0,,0,,0,,0,unknown
293,28.979470833333327,79.24732333333334,12,6,10.995138888888889,2.807084850721409,0.545695698856818,1.0,1.091391397713636,0.2626681671700878,51.53549559881766,MEDIUM / RECURRENT,6.25,11.94,339.2725,367.0,,1,WILDFIRE,,0,,0,,0,,0,unknown
294,29.168366666666667,79.13542333333334,3,2,1.0569444444444445,1.437602257154729,1.0,0.1509920634920634,2.838370565045992,0.4102392000437519,52.65632671826861,MEDIUM / RECURRENT,8.81,11.82,342.99333333333334,346.8,,1,WILDFIRE,,0,,0,,0,,0,unknown
295,29.73432,77.66978999999999,3,1,1.0,0.3694874348308937,1.0,0.1428571428571428,3.0,0.730200200868204,59.17543258879265,MEDIUM / RECURRENT,6.973333333333334,9.6,350.01666666666665,367.0,,1,WILDFIRE,,0,,0,,0,,0,unknown
296,30.437322857142853,78.24285857142857,7,2,1.0569444444444445,0.5958434612074107,1.0,0.1509920634920634,6.622864651773981,0.6266278769243462,64.55308842933647,MEDIUM / RECURRENT,1.4542857142857142,2.55,302.5642857142857,310.79,,1,WILDFIRE,,0,,0,,0,,0,unknown
297,30.558607499999997,78.63351,12,2,1.0,1.2568770776095035,1.0,0.1428571428571428,12.0,0.4430901487373895,67.43323154617636,MEDIUM / RECURRENT,9.414166666666668,21.5,327.7133333333333,367.0,,1,WILDFIRE,,0,,0,,0,,0,unknown
298,30.59076428571429,77.87724142857142,7,2,1.0,0.8057812769496133,1.0,0.1428571428571428,7.0,0.5537769234650798,63.64696704073016,MEDIUM / RECURRENT,2.2471428571428573,5.14,309.7314285714286,337.3,,1,WILDFIRE,,0,,0,,0,,0,unknown
299,29.445727999999995,79.73014200000001,10,3,2.9611111111111112,1.1384689453635084,1.0,0.423015873015873,3.3771106941838647,0.4676242795894399,61.68210380555335,MEDIUM / RECURRENT,2.0039999999999996,2.79,310.18100000000004,332.85,,1,WILDFIRE,,0,,0,,0,,0,unknown
300,29.492535,80.720595,4,3,3.43125,1.591006216430673,0.8743169398907104,0.4901785714285714,1.1657559198542806,0.3859504441396452,52.906077904390614,MEDIUM / RECURRENT,6.1,11.49,324.9175,367.0,,1,WILDFIRE,,0,,0,,0,,0,unknown
301,30.000505714285715,78.88652142857143,14,2,1.0,2.1373307543251205,1.0,0.1428571428571428,14.0,0.3187422934675922,64.9462744407804,MEDIUM / RECURRENT,5.3235714285714275,16.75,327.15285714285716,367.0,,1,WILDFIRE,,0,,0,,0,,0,unknown
302,30.48828333333333,78.48758,3,2,1.0,0.3827231832507808,1.0,0.1428571428571428,3.0,0.7232105544430094,59.03563966028875,MEDIUM / RECURRENT,2.5933333333333333,3.97,328.8066666666667,343.68,,1,WILDFIRE,,0,,0,,0,,0,unknown
303,28.817582499999997,79.4465225,4,2,7.0472222222222225,1.7346090982021196,0.2837997635001971,1.0,0.5675995270003942,0.3656829784766877,43.381850346041446,MEDIUM / RECURRENT,4.672499999999999,7.63,341.58000000000004,345.72,,1,WILDFIRE,,0,,0,,0,,0,unknown
304,29.653746666666667,78.41418333333333,3,3,5.073611111111111,1.002707941678562,0.591294826170271,0.7248015873015873,0.591294826170271,0.4993239299594797,49.9844268500293,MEDIUM / RECURRENT,3.97,8.51,330.54333333333335,330.99,,1,WILDFIRE,,0,,0,,0,,0,unknown
305,30.36556,79.22327,6,1,1.0,0.3437482191908953,1.0,0.1428571428571428,6.0,0.7441870327479393,65.45516922638735,MEDIUM / RECURRENT,8.355000000000002,16.38,341.8416666666667,349.41,,1,WILDFIRE,,0,,0,,0,,0,unknown
306,30.729616,77.73091400000001,5,1,1.0,0.9312776784095652,1.0,0.1428571428571428,5.0,0.5177919318280084,58.927267207988734,MEDIUM / RECURRENT,6.436,13.8,334.09200000000004,343.01,,1,WILDFIRE,,0,,0,,0,,0,unknown
307,28.863311999999997,79.429948,5,3,8.95138888888889,1.8470149638894144,0.3351435221101629,1.0,0.5585725368502715,0.3512450804381661,44.87206995631957,MEDIUM / RECURRENT,4.858,6.82,342.53000000000003,367.0,,1,WILDFIRE,,0,,0,,0,,0,unknown
308,28.931863999999997,79.22221,5,3,8.952083333333333,1.758843995478358,0.3351175238538516,1.0,0.5585292064230859,0.3624706585943107,45.095584919617195,MEDIUM / RECURRENT,6.522,12.66,340.04,347.31,,1,WILDFIRE,,0,,0,,0,,0,unknown
309,29.114892499999996,78.042135,4,2,5.990972222222222,1.404642051145885,0.3338356323171438,0.8558531746031746,0.6676712646342877,0.4158623107848712,42.73316524114539,MEDIUM / RECURRENT,12.9675,16.4,339.325,344.7,,1,WILDFIRE,,0,,0,,0,,0,unknown
310,29.46218,78.04150333333332,3,1,1.0,0.2831383541587079,1.0,0.1428571428571428,3.0,0.7793391856450679,60.158212284329935,MEDIUM / RECURRENT,11.14,16.46,344.74,354.53,,1,WILDFIRE,,0,,0,,0,,0,unknown
311,30.22499285714286,78.09101,7,1,1.0,1.0556433646189998,1.0,0.1428571428571428,7.0,0.4864657056820474,62.30074268506951,MEDIUM / RECURRENT,6.378571428571427,16.81,328.34000000000003,341.83,,1,WILDFIRE,,0,,0,,0,,0,unknown
312,30.397154,79.21569000000001,10,1,1.0,0.9009904624819328,1.0,0.1428571428571428,10.0,0.5260415660867652,69.09225989316387,MEDIUM / RECURRENT,35.302,110.83,344.477,367.0,,1,WILDFIRE,,0,,0,,0,,0,unknown
313,29.1408,79.370514,5,4,3.4305555555555554,1.828009642525089,1.0,0.490079365079365,1.45748987854251,0.3536055835747131,57.23907555556341,MEDIUM / RECURRENT,3.786,4.98,332.08,347.39,,1,WILDFIRE,,0,,0,,0,,0,unknown
314,29.71587,79.404565,4,3,10.008333333333333,1.4877762516245865,0.2997502081598668,1.0,0.3996669442131557,0.4019654096090725,44.329899366203094,MEDIUM / RECURRENT,1.99,3.46,319.6375,338.7,,1,WILDFIRE,,0,,0,,0,,0,unknown
315,30.121839999999995,79.36552333333333,3,3,3.500694444444445,1.649016844251766,0.8569728228526086,0.5000992063492063,0.8569728228526086,0.3774985433444676,51.76044547116603,MEDIUM / RECURRENT,3.5499999999999994,8.87,309.72333333333336,330.44,,1,WILDFIRE,,0,,0,,0,,0,unknown
316,28.82508,79.15896666666667,3,2,5.990972222222222,0.5931519806684143,0.3338356323171438,0.8558531746031746,0.5007534484757158,0.627686505828807,46.63581350970697,MEDIUM / RECURRENT,3.5700000000000003,4.3,338.05333333333334,340.41,,1,WILDFIRE,,0,,0,,0,,0,unknown
317,29.277662,78.050078,5,2,5.004166666666666,1.258674127545205,0.3996669442131557,0.7148809523809524,0.9991673605328892,0.4427376166418615,42.713453910887274,MEDIUM / RECURRENT,3.3,4.79,337.38199999999995,343.83,,1,WILDFIRE,,0,,0,,0,,0,unknown
318,29.96561,79.07536333333333,3,2,1.5041666666666669,0.3122196805708307,1.0,0.2148809523809523,1.994459833795014,0.7620675217772899,59.60229391265963,MEDIUM / RECURRENT,6.496666666666666,12.16,329.6666666666667,346.16,,1,WILDFIRE,,0,,0,,0,,0,unknown
319,29.989503333333335,79.47457333333334,3,1,1.0,0.7167993846436749,1.0,0.1428571428571428,3.0,0.5824792395341823,56.221013362112224,MEDIUM / RECURRENT,2.18,2.95,320.21000000000004,332.05,,1,WILDFIRE,,0,,0,,0,,0,unknown
320,30.522543333333335,78.65042666666666,3,1,1.0,0.2622859931033439,1.0,0.1428571428571428,3.0,0.7922134963578967,60.4156984985865,MEDIUM / RECURRENT,3.736666666666667,4.46,333.51666666666665,339.02,,1,WILDFIRE,,0,,0,,0,,0,unknown
321,30.601458333333337,77.74683666666667,6,2,1.5034722222222223,2.489149726359688,1.0,0.214781746031746,3.990762124711316,0.2866027767295969,54.08312343480822,MEDIUM / RECURRENT,4.095,5.7,333.6083333333333,343.59,,1,WILDFIRE,,0,,0,,0,,0,unknown
322,30.03496,79.01344666666667,3,2,1.0,0.3416994867125146,1.0,0.1428571428571428,3.0,0.7453233826974471,59.47789622537751,MEDIUM / RECURRENT,2.8466666666666662,7.0,312.8,338.91,,1,WILDFIRE,,0,,0,,0,,0,unknown
323,28.814193999999997,79.884662,5,3,3.030555555555555,1.4059311676247237,0.9899175068744273,0.4329365079365079,1.6498625114573786,0.4156394885508128,57.083040232948655,MEDIUM / RECURRENT,4.016,7.37,338.344,342.7,,1,WILDFIRE,,0,,0,,0,,0,unknown
324,30.409526,78.933886,5,1,1.0,0.6256707033718721,1.0,0.1428571428571428,5.0,0.6151307259987264,60.874043091403095,MEDIUM / RECURRENT,14.45,35.07,336.858,367.0,,1,WILDFIRE,,0,,0,,0,,0,unknown
325,30.4285675,78.280535,4,1,1.0,0.3219527318300771,1.0,0.1428571428571428,4.0,0.7564566991859276,61.70056255514713,MEDIUM / RECURRENT,0.96,1.85,299.625,306.41,,1,WILDFIRE,,0,,0,,0,,0,unknown
326,28.925601666666665,79.32906000000001,6,1,1.0,0.9164596361815116,1.0,0.1428571428571428,6.0,0.5217954926473015,61.0073384243746,MEDIUM / RECURRENT,6.403333333333332,8.35,342.0316666666666,367.0,,1,WILDFIRE,,0,,0,,0,,0,unknown
327,29.64237,77.97645,3,3,4.017361111111111,1.3883764313026614,0.7467588591184098,0.5739087301587301,0.7467588591184098,0.4186944682981078,50.35168540731158,MEDIUM / RECURRENT,7.29,15.22,347.65333333333336,367.0,,1,WILDFIRE,,0,,0,,0,,0,unknown
328,28.99966,79.48455777777778,9,4,8.034722222222221,2.213695318240559,0.4978392394122731,1.0,1.1201382886776146,0.3111682661153709,50.8880152790922,MEDIUM / RECURRENT,6.362222222222223,18.78,339.97999999999996,348.74,,1,WILDFIRE,,0,,0,,0,,0,unknown
329,29.72657,78.49870333333332,3,1,1.0,0.3756288524438926,1.0,0.1428571428571428,3.0,0.7269402631556005,59.11023383454057,MEDIUM / RECURRENT,3.5399999999999996,3.98,336.9066666666667,339.78,,1,WILDFIRE,,0,,0,,0,,0,unknown
330,30.337300000000003,77.64280142857145,7,4,2.9604166666666667,1.7260567882012467,1.0,0.4229166666666666,2.3645320197044333,0.3668302158370798,57.63858502281713,MEDIUM / RECURRENT,3.045714285714286,4.35,327.9842857142857,347.63,,1,WILDFIRE,,0,,0,,0,,0,unknown
331,30.433583846153844,77.52423769230771,13,3,2.0430555555555556,1.8845289080434215,1.0,0.2918650793650794,6.363018354860639,0.3466770595404783,61.95620488465783,MEDIUM / RECURRENT,1.7784615384615383,2.67,309.4007692307692,318.93,,1,WILDFIRE,,0,,0,,0,,0,unknown
332,28.87179,78.10717749999999,4,2,11.98263888888889,1.7755972862059348,0.1669081425673717,1.0,0.3338162851347435,0.3602828137099588,38.71507383432668,LOW / TRANSIENT,9.785,12.49,343.04499999999996,349.84,,1,WILDFIRE,,0,,0,,0,,0,unknown
333,29.275477499999997,78.96687,4,2,1.9743055555555555,1.6747077908935706,1.0,0.2820436507936508,2.02602884277172,0.3738726164423061,53.58060128423083,MEDIUM / RECURRENT,40.6675,64.25,338.33500000000004,346.22,,1,WILDFIRE,,0,,0,,0,,0,unknown
334,29.029406666666663,79.67087666666667,3,1,1.0,0.4517007961520982,1.0,0.1428571428571428,3.0,0.688847180252719,58.34837217648294,MEDIUM / RECURRENT,7.45,7.45,351.18333333333334,367.0,,1,WILDFIRE,,0,,0,,0,,0,unknown
335,30.516497999999995,77.801154,5,1,1.0,0.6400258463763735,1.0,0.1428571428571428,5.0,0.6097464879651096,60.76635833073075,MEDIUM / RECURRENT,5.831999999999999,13.51,326.60599999999994,351.87,,1,WILDFIRE,,0,,0,,0,,0,unknown
